suggested_wo_completion_percentage,wo_imp,wo_cost,wo_muscles_targetted,wo_rpe,wo_overall_cals
78,3,5,7,6,510
58,2,0,1,4,750
63,0,5,3,2,573
92,3,0,3,9,357
36,3,1,3,7,415
8,2,2,5,10,954
84,0,0,1,6,797
53,5,5,1,7,544
91,1,4,7,9,857
14,5,1,2,3,427
40,5,5,5,6,441
39,1,2,6,10,465
75,2,0,2,10,383
84,5,3,1,7,310
43,4,3,1,1,426
70,3,4,5,6,398
25,5,4,1,10,261
98,5,4,3,2,988
91,3,2,6,10,243
97,2,0,4,9,465
98,0,0,5,9,871
62,5,3,7,7,982
84,2,3,4,8,342
22,1,0,1,9,343
85,3,1,3,4,755
74,3,0,7,10,527
8,1,1,5,3,944
57,1,2,5,8,917
18,2,4,7,10,677
2,4,3,4,6,901
11,4,3,5,3,914
73,5,0,4,9,890
24,5,4,2,1,954
70,0,3,1,1,773
62,3,1,4,3,703
8,3,0,5,2,938
23,0,5,7,8,868
30,1,0,1,9,358
11,4,0,5,7,836
1,1,4,2,4,528
81,2,4,2,6,582
20,5,4,2,5,279
91,0,3,6,7,231
9,2,3,1,8,720
26,0,2,3,10,735
86,4,3,2,10,295
92,1,0,5,2,582
2,2,1,1,6,583
68,1,2,2,8,855
10,5,5,4,1,417
81,3,5,4,4,941
10,3,3,2,6,464
3,2,1,4,4,477
28,1,0,5,5,231
90,2,5,4,2,489
54,0,0,7,7,207
8,2,5,1,9,940
3,2,3,1,10,585
10,1,1,5,5,247
92,5,4,2,6,296
87,1,4,2,4,221
7,4,0,5,4,495
88,0,3,4,4,200
61,5,3,1,1,858
47,4,4,6,8,493
29,2,0,3,1,728
42,1,4,3,3,290
73,0,0,7,6,911
55,4,1,2,10,411
76,5,5,3,1,981
60,2,3,1,1,700
43,3,0,2,9,724
41,2,0,2,7,320
71,1,0,3,9,980
80,1,3,7,7,461
97,4,4,4,1,956
42,3,3,6,3,972
20,5,3,5,2,959
16,2,5,6,8,680
81,5,3,6,2,969
27,0,1,5,4,463
56,0,5,3,1,882
65,0,1,1,8,825
45,3,1,4,3,629
18,2,5,6,3,291
78,3,1,4,1,801
84,0,3,5,1,703
47,4,3,7,2,941
27,5,1,1,3,291
31,0,0,3,4,401
29,2,2,4,1,764
75,5,3,5,1,624
33,5,2,4,8,859
19,1,3,7,3,372
18,4,3,6,4,637
74,0,4,5,1,216
13,2,1,3,4,217
75,0,4,2,4,603
98,0,2,5,9,268
67,2,5,7,6,440
14,2,4,4,5,680
45,4,4,7,2,676
25,5,3,5,3,992
74,5,4,6,9,748
65,2,4,7,8,271
1,4,2,1,9,438
10,4,5,5,1,563
29,4,5,4,2,625
94,1,0,1,10,812
3,2,1,6,8,466
52,4,4,6,9,270
42,1,5,4,3,667
17,3,1,5,10,584
65,2,0,6,2,352
64,5,2,5,4,223
52,5,2,7,9,885
29,3,1,3,8,609
72,1,0,1,3,224
10,0,3,3,4,263
14,3,5,5,2,909
1,1,5,4,10,557
59,1,1,2,8,796
33,3,1,5,5,694
53,5,5,4,3,661
60,5,3,1,2,326
96,0,2,2,5,248
63,0,2,1,2,974
0,5,2,5,3,217
14,2,1,5,6,760
43,2,0,4,3,787
44,5,4,6,9,447
5,1,1,6,6,825
14,4,3,1,4,530
9,5,2,5,1,540
16,3,2,6,1,504
51,4,1,2,3,688
44,2,1,6,2,815
56,3,2,4,10,621
46,3,1,6,2,408
79,4,3,6,9,508
40,1,2,1,3,361
59,1,0,5,6,838
54,4,3,1,5,478
64,4,5,4,9,529
26,3,1,1,9,940
16,3,2,4,1,827
51,0,5,3,3,527
81,3,0,6,6,452
83,1,1,2,5,298
56,5,5,2,8,795
88,4,3,7,3,740
69,1,2,1,1,762
84,4,5,4,9,620
42,2,3,3,2,987
69,1,0,6,7,598
40,1,3,4,1,247
5,5,2,1,6,709
46,0,5,2,3,277
89,3,0,3,10,371
80,1,2,1,6,813
44,3,0,6,6,664
44,5,3,1,9,809
62,4,1,7,1,256
63,2,4,5,5,861
47,3,3,6,10,867
95,0,0,5,9,523
0,4,4,4,4,588
95,5,0,1,3,318
58,1,1,6,1,650
68,4,1,7,7,677
25,5,4,5,9,949
82,1,2,6,3,982
21,3,5,4,7,913
94,1,5,1,10,441
19,1,3,3,10,782
5,2,0,3,5,381
91,3,4,3,10,307
17,5,4,7,7,284
40,3,4,4,8,240
67,2,4,1,2,366
87,0,0,6,8,321
53,2,2,6,4,438
30,3,2,5,9,996
3,0,3,7,9,938
89,4,4,1,9,885
8,4,5,1,4,252
78,3,1,1,6,650
46,2,3,3,7,895
71,5,4,1,3,884
38,4,1,5,4,852
35,5,4,1,8,691
70,2,4,5,3,345
15,1,2,1,6,341
51,0,4,5,7,818
15,1,3,1,4,539
92,4,0,3,10,528
58,0,0,5,5,838
72,4,2,4,3,202
89,0,1,7,6,927
10,0,5,3,3,863
1,3,3,7,8,566
72,2,0,3,8,999
97,1,2,2,2,746
34,3,2,7,1,421
65,0,2,2,1,528
31,0,1,3,8,355
39,1,1,1,5,597
45,2,2,3,3,326
10,4,2,6,1,491
77,1,1,2,9,443
57,4,5,6,9,523
59,2,5,3,2,652
69,5,1,1,3,717
59,5,1,2,10,784
31,2,0,2,9,391
87,3,2,4,2,286
60,5,4,5,3,596
38,1,5,1,2,687
16,5,3,1,6,375
87,2,0,6,3,320
24,0,3,1,10,465
4,5,3,6,4,466
89,5,4,2,10,853
72,2,1,5,1,561
0,2,3,2,6,291
18,1,2,3,7,913
20,4,3,7,5,421
5,4,3,4,5,846
63,1,0,5,9,559
24,4,3,1,1,279
62,4,1,1,6,375
50,0,0,4,10,335
46,0,0,5,6,336
40,4,0,6,7,541
90,1,2,5,10,672
73,5,5,6,7,475
55,4,1,7,3,997
29,5,3,5,3,384
77,3,5,5,1,395
68,3,2,7,2,217
70,0,5,3,7,328
75,3,1,4,8,424
53,2,5,2,1,523
47,5,1,5,2,640
80,2,0,7,4,525
4,3,1,3,9,420
2,2,2,5,6,725
73,5,4,5,3,555
9,5,5,3,8,982
59,2,0,7,3,299
48,5,3,1,2,871
50,4,3,3,1,733
68,3,5,3,9,504
57,5,1,6,5,307
96,2,1,6,7,785
30,1,4,7,8,608
19,0,2,1,8,296
99,5,3,4,10,366
80,4,3,4,10,840
78,4,1,5,1,838
31,4,5,4,1,884
92,1,3,2,8,523
54,0,2,5,5,534
56,0,5,3,6,515
50,1,1,7,10,721
40,4,2,5,3,995
44,3,4,6,9,304
21,4,1,5,4,950
19,0,2,7,8,514
99,1,2,4,7,730
92,5,4,7,10,233
16,4,0,7,7,503
36,2,2,6,5,206
51,3,4,3,7,823
71,3,4,1,2,511
99,4,5,5,10,836
63,0,2,3,7,916
99,5,1,5,10,752
76,1,5,2,2,503
74,4,1,5,8,818
81,2,2,2,1,261
34,2,4,3,2,368
94,1,0,5,6,262
41,1,3,2,1,342
91,1,4,1,6,647
45,3,4,7,2,928
43,2,3,2,4,502
21,4,2,4,10,689
5,2,5,1,5,346
64,1,0,6,9,744
44,5,1,4,9,504
0,3,2,4,4,639
28,1,2,5,7,597
15,4,4,5,7,628
77,5,5,1,6,270
5,4,2,3,7,890
97,4,5,4,10,697
74,4,2,1,8,793
22,1,1,4,1,804
2,1,5,6,7,639
68,0,5,5,7,608
58,2,3,2,9,291
97,1,4,6,6,200
80,1,3,1,5,201
45,2,2,4,8,265
87,4,0,3,7,786
30,4,4,2,5,476
67,2,2,7,4,504
42,5,2,1,2,235
16,4,2,2,2,828
28,4,5,5,2,800
44,5,1,2,9,961
72,0,0,1,2,866
53,5,3,2,1,478
57,5,3,2,3,388
49,0,4,5,7,742
32,1,5,2,10,846
59,1,1,4,10,440
68,1,2,7,4,781
12,5,5,2,4,537
78,3,5,7,6,718
26,3,0,7,4,622
63,0,4,4,8,460
17,5,3,1,10,733
12,3,4,4,9,847
17,1,3,7,2,633
46,1,2,5,7,849
96,3,4,7,10,608
6,4,1,7,8,912
86,1,3,3,1,616
42,2,2,5,8,544
55,5,2,1,10,742
65,3,4,4,7,519
65,0,2,3,3,936
21,4,2,3,4,426
98,3,0,1,5,644
48,0,5,6,6,912
61,5,5,6,3,981
61,0,0,5,9,723
41,3,4,7,5,425
70,3,5,7,5,713
12,3,3,6,8,228
84,4,4,4,9,669
28,5,2,1,5,362
12,4,3,1,6,850
58,0,4,4,4,971
20,5,1,3,8,427
45,4,2,3,2,823
59,3,4,7,5,689
93,1,0,2,1,846
56,2,2,2,5,330
16,4,4,6,2,524
75,5,1,2,9,907
71,1,2,1,10,821
15,2,2,1,7,330
72,1,5,1,9,566
35,4,2,2,2,719
79,4,5,4,4,919
64,4,4,6,10,812
49,2,0,2,6,324
30,2,4,7,5,513
93,2,2,4,5,303
29,5,0,1,7,907
81,4,2,3,8,943
56,4,3,1,10,601
64,2,1,6,8,793
47,1,1,4,5,335
92,5,3,5,9,815
39,0,4,7,6,380
18,2,0,1,5,278
93,3,3,3,5,399
65,2,3,3,4,295
31,1,1,4,5,641
26,1,0,1,1,922
75,4,3,4,3,582
92,0,4,3,4,898
95,3,0,1,3,947
57,4,4,7,9,518
24,4,5,2,2,221
80,5,1,3,2,856
56,4,3,6,6,303
20,1,4,5,7,1000
41,3,1,7,7,216
69,1,4,1,7,457
51,4,0,2,8,995
14,0,3,6,7,371
85,2,0,7,3,341
44,3,3,7,4,894
25,3,1,4,2,449
47,3,5,7,9,265
97,5,5,3,10,877
26,2,2,5,4,533
94,4,4,3,6,360
36,5,0,3,10,734
23,3,0,1,7,718
47,1,2,7,7,510
83,0,0,7,5,956
51,1,1,3,6,725
55,5,1,2,2,758
89,4,5,4,3,360
81,0,2,6,3,945
20,0,3,5,1,928
30,0,3,4,5,272
24,5,3,1,1,455
95,5,5,1,7,346
70,2,4,4,8,516
65,0,4,1,5,764
71,5,2,1,6,452
71,2,2,1,1,978
71,0,2,3,4,600
64,2,1,4,5,464
90,0,3,7,10,925
34,2,2,1,8,798
80,1,0,6,4,974
80,4,5,5,5,432
71,2,3,4,3,464
49,0,4,4,10,574
64,0,3,2,5,934
11,4,4,7,10,402
66,0,0,7,10,735
45,3,5,6,7,906
74,4,0,7,4,334
71,2,1,6,8,586
86,1,5,6,7,757
12,0,4,5,3,539
88,4,0,1,7,450
86,5,2,3,6,808
53,0,4,3,3,732
53,2,4,4,6,960
1,3,2,1,9,470
5,5,0,5,5,497
84,3,5,2,3,651
60,0,2,4,8,894
78,4,2,7,6,740
80,3,5,5,2,878
11,0,1,2,7,798
9,5,2,1,6,284
91,1,5,1,2,378
20,0,2,2,8,300
96,5,0,4,9,990
86,4,2,4,8,954
59,4,1,4,4,404
52,4,4,6,6,728
53,1,0,3,8,793
51,3,4,5,2,492
34,3,5,4,8,912
28,2,4,3,7,973
56,2,5,7,6,601
11,2,5,2,3,216
30,2,3,3,9,618
40,4,2,1,5,480
60,2,4,3,5,464
41,0,1,6,3,786
88,4,5,4,7,302
77,2,5,1,8,792
33,5,0,5,4,868
82,2,5,4,6,580
38,1,1,6,3,285
40,0,3,2,10,878
70,2,1,1,7,724
8,3,4,7,3,440
99,2,2,2,4,732
98,1,4,5,6,940
62,5,5,1,9,433
52,3,1,1,8,690
20,5,1,5,6,636
27,4,0,7,8,584
24,1,2,6,4,956
69,1,1,6,2,877
5,4,5,7,8,657
10,1,2,7,7,996
43,1,5,1,10,940
61,4,1,1,10,928
45,4,2,5,1,721
32,1,1,6,3,222
45,3,0,3,3,934
80,4,3,7,7,456
10,4,3,2,3,676
83,1,3,5,2,866
0,0,2,4,8,796
13,1,5,2,1,301
34,5,3,2,4,299
49,2,4,1,6,983
61,3,4,1,5,617
86,5,0,5,7,324
8,4,0,7,1,490
68,4,0,5,9,1000
18,1,0,1,8,208
4,3,3,7,2,790
21,5,4,4,4,518
52,0,2,3,4,950
93,2,1,3,6,863
63,5,1,4,4,510
42,3,0,4,9,564
26,4,2,2,2,273
98,5,0,4,5,813
68,5,0,7,9,932
70,0,0,4,9,692
44,1,3,2,6,421
98,2,0,1,8,536
78,2,3,1,9,213
66,1,5,3,9,889
2,0,4,6,9,836
33,0,3,4,6,683
25,1,4,6,6,450
83,1,4,3,9,680
52,0,1,7,9,261
79,4,4,1,5,200
22,3,4,5,2,396
99,4,4,1,4,395
18,1,1,4,6,754
20,0,3,3,2,640
42,3,2,4,10,339
3,4,1,4,5,409
80,3,5,6,6,273
6,4,2,6,7,278
50,4,1,3,6,605
99,4,0,5,2,286
18,5,1,1,4,286
78,1,5,3,6,528
67,1,2,1,10,487
65,0,0,7,9,606
15,0,1,7,10,901
54,2,1,4,10,436
91,3,3,2,4,762
16,3,5,4,3,587
64,4,5,4,2,943
47,2,3,4,9,732
22,2,5,6,8,914
41,1,1,1,10,567
30,3,3,3,4,900
64,1,2,4,9,413
41,2,4,3,9,595
21,4,5,7,6,267
94,2,1,5,10,828
5,0,3,4,6,253
32,2,0,3,4,554
76,4,1,3,6,964
29,0,3,7,8,974
49,3,5,7,8,464
97,4,5,4,4,851
81,0,4,6,4,619
18,0,0,4,10,250
1,2,5,3,8,385
89,5,3,5,8,558
45,4,2,2,9,237
47,2,3,6,2,748
62,4,4,6,5,888
89,5,1,4,6,592
37,1,3,1,3,885
61,2,1,3,5,698
78,3,4,4,1,759
13,4,4,7,9,904
95,1,1,4,1,981
66,2,0,6,7,466
90,3,0,5,1,213
0,4,1,5,7,957
89,5,4,7,7,328
7,1,2,6,7,260
76,3,5,2,2,882
55,1,4,4,4,875
79,2,4,1,10,796
91,1,2,3,9,644
36,0,2,3,2,949
34,1,1,6,8,766
92,2,5,6,4,663
60,1,5,6,6,704
18,4,5,7,3,661
49,4,3,6,2,297
89,1,1,1,2,499
96,0,1,2,4,846
87,5,2,3,3,471
62,2,4,2,2,417
53,1,5,6,8,551
66,5,2,1,3,379
10,5,4,4,4,322
11,2,0,5,4,416
29,2,0,1,1,629
75,1,5,5,1,309
0,4,4,1,7,723
39,2,2,4,6,813
44,4,0,2,7,376
65,1,0,5,5,806
91,0,5,5,8,579
19,5,5,3,5,719
27,5,3,5,7,914
29,5,5,3,7,434
76,0,4,6,2,335
88,2,4,3,8,891
20,0,0,1,4,641
77,5,0,2,6,744
41,4,3,5,8,937
23,1,1,2,1,557
97,1,0,6,7,463
20,1,0,7,8,557
73,0,1,2,6,750
33,5,5,1,9,810
2,2,4,5,3,999
31,5,3,7,8,651
10,3,1,7,9,557
94,3,0,5,9,649
48,1,4,1,1,966
31,1,2,3,6,309
14,4,2,5,2,660
48,0,0,5,4,251
54,4,2,3,3,374
28,1,1,4,5,267
39,1,5,6,4,907
14,3,0,3,8,943
11,0,3,5,4,584
86,0,0,3,4,760
40,3,1,1,9,410
82,0,2,2,3,795
89,0,0,4,5,633
25,5,3,4,5,423
64,4,1,4,10,588
71,2,1,3,7,760
11,5,4,6,6,987
25,0,3,7,6,837
83,2,5,4,8,503
55,4,4,6,7,887
95,4,3,4,9,918
60,0,0,4,3,227
28,4,0,7,3,495
44,4,4,3,9,955
60,0,4,7,1,595
86,4,2,5,6,975
24,4,0,7,5,526
0,3,4,2,9,413
27,1,2,4,10,850
3,0,2,2,6,513
96,1,0,3,5,674
76,5,4,5,1,763
44,4,5,3,5,237
62,4,2,3,8,710
19,1,0,1,2,381
46,4,3,5,7,624
75,0,5,7,3,649
66,3,2,3,10,487
39,5,0,7,7,633
8,4,1,7,3,542
72,3,4,5,5,380
53,5,5,7,6,715
14,4,2,3,6,976
33,0,4,4,9,411
87,5,5,3,10,768
41,1,2,3,3,516
23,0,4,7,4,829
7,1,3,2,4,902
57,0,2,1,10,773
65,5,0,7,10,577
24,2,3,4,9,407
92,4,2,6,7,956
9,3,1,2,2,843
18,3,5,7,7,911
43,3,1,6,3,905
0,5,2,4,4,272
62,4,0,7,4,486
10,5,5,1,5,259
38,4,0,1,8,514
96,3,5,6,2,645
23,0,3,7,10,566
82,2,1,1,5,201
78,1,2,5,8,412
38,5,2,1,10,462
99,2,1,1,10,798
7,3,4,5,4,370
60,4,4,7,8,235
96,2,3,6,6,713
57,2,2,7,10,852
40,3,3,7,3,297
86,3,2,5,8,356
62,3,4,7,10,772
80,2,1,5,8,249
51,2,1,4,7,269
98,1,5,6,7,796
8,4,3,4,6,690
63,2,1,3,10,625
22,4,5,6,8,417
66,2,3,2,2,551
97,4,1,1,2,342
65,2,3,7,6,630
88,5,4,5,10,908
23,1,2,4,1,980
61,1,1,5,5,401
38,3,3,3,1,479
22,4,3,2,5,612
3,4,4,3,6,300
91,1,4,6,3,723
96,4,1,4,6,551
10,3,1,1,1,669
7,3,5,2,8,813
24,0,0,6,3,791
89,1,1,4,1,418
63,3,0,7,3,477
27,3,2,2,1,695
91,4,2,2,1,227
11,4,0,3,2,288
16,0,2,1,3,359
91,2,3,1,2,785
48,2,1,2,5,239
83,0,0,6,8,641
81,1,5,1,10,428
70,4,3,5,10,223
7,3,0,7,2,885
66,4,2,3,6,506
17,3,2,6,3,751
99,0,5,2,1,938
42,1,0,1,5,884
41,0,0,6,2,636
71,5,0,7,7,525
39,5,5,2,7,415
54,1,3,6,10,750
93,0,4,7,8,304
2,2,3,7,6,353
82,3,5,5,2,472
98,5,4,1,9,803
67,4,3,5,8,302
95,4,3,3,1,764
50,1,1,3,9,543
19,1,2,2,5,938
66,1,2,2,9,540
71,4,4,4,4,968
11,1,3,7,2,962
84,3,0,1,2,343
44,0,0,4,9,479
3,3,4,5,3,786
0,0,4,2,10,526
76,5,1,5,6,589
70,5,5,6,7,931
35,4,4,3,6,626
26,0,2,3,8,787
42,0,2,7,3,461
49,5,4,4,2,723
47,5,0,2,1,274
80,5,3,4,9,313
94,3,1,5,6,372
59,3,4,2,1,675
49,3,5,6,10,658
63,1,1,2,7,593
77,3,5,4,6,865
99,2,0,4,6,295
38,1,0,3,9,574
1,3,1,4,9,698
60,5,0,4,2,959
13,5,3,2,3,808
27,1,3,1,9,557
18,2,0,6,10,932
88,2,3,4,4,320
79,1,5,5,10,959
1,3,3,1,1,714
84,3,4,1,9,674
63,4,4,6,2,316
44,2,1,7,8,647
28,3,1,3,8,656
47,5,3,6,7,611
52,1,3,3,7,966
5,5,0,2,3,918
26,4,0,7,4,661
24,3,4,2,4,665
47,2,1,4,6,570
42,5,5,3,2,399
49,4,0,5,9,703
51,2,3,3,8,329
66,3,0,3,5,223
54,4,0,7,1,205
79,5,0,4,5,803
26,2,1,1,9,847
16,2,5,6,8,382
32,1,0,4,6,312
37,2,0,6,6,489
11,2,4,7,4,460
65,4,1,4,9,430
80,3,4,1,8,812
14,3,0,1,6,923
11,5,5,4,2,969
11,5,0,5,7,805
36,5,2,6,6,810
72,2,3,7,1,237
27,3,0,5,9,817
62,4,2,4,3,699
5,4,1,1,5,395
35,1,4,3,6,925
62,3,3,6,5,619
33,3,3,1,1,255
66,4,1,5,6,876
33,0,2,5,1,397
49,1,2,5,3,797
63,5,2,4,5,675
10,0,1,5,8,645
69,4,4,4,9,315
66,3,0,3,2,641
25,4,5,5,8,502
59,1,3,3,1,555
0,5,1,4,7,659
66,1,5,1,1,280
7,0,0,5,7,586
2,3,1,6,9,300
62,1,4,5,1,581
2,5,0,4,9,561
52,3,2,6,7,889
68,2,4,6,2,353
30,4,4,4,6,245
77,5,0,7,3,798
44,4,0,3,10,646
15,1,5,2,9,502
48,1,4,1,6,530
35,1,5,5,3,806
60,4,2,2,8,577
95,0,0,1,8,552
86,3,0,6,7,232
1,0,1,5,1,580
9,3,1,1,2,263
12,4,1,4,10,976
64,1,1,5,2,575
95,4,2,4,7,286
94,2,4,1,1,831
3,0,4,6,1,851
85,0,2,2,6,262
70,5,2,3,4,510
15,0,3,6,9,437
73,4,5,3,7,844
14,2,1,5,10,728
71,4,2,5,8,883
1,1,2,5,6,235
4,0,3,2,4,396
4,2,3,5,9,709
94,0,3,1,6,981
83,2,1,4,7,866
61,0,0,7,5,887
49,3,3,4,7,917
46,5,0,1,2,220
83,0,2,4,3,457
8,4,1,1,4,391
56,1,1,4,3,615
12,1,4,1,4,504
31,2,5,6,3,994
27,2,5,3,5,293
64,4,0,6,7,408
76,0,2,2,8,399
67,1,2,4,2,423
92,1,2,5,2,317
66,2,2,6,10,628
70,2,1,4,2,572
14,4,2,3,7,727
32,0,3,6,1,742
98,3,5,4,5,665
52,4,3,1,1,353
26,1,0,1,6,280
1,2,3,7,8,474
31,2,0,1,2,911
39,1,1,7,2,843
82,1,0,2,2,418
71,1,5,2,7,968
65,2,1,3,1,766
62,1,4,6,1,777
91,5,4,3,5,756
92,1,1,2,7,280
66,5,5,2,4,719
56,0,2,6,2,956
42,2,2,7,10,824
1,0,5,2,5,694
48,2,0,1,7,237
56,1,3,5,7,828
22,0,3,3,5,568
42,5,2,4,3,690
51,1,4,2,2,892
4,3,4,5,10,452
38,0,4,3,4,756
41,1,3,1,9,452
87,5,1,2,10,344
63,3,5,4,9,924
62,5,2,1,2,771
69,1,2,6,2,288
3,4,5,5,5,748
51,2,1,6,8,902
42,0,0,6,10,393
25,4,4,2,1,427
97,1,1,4,2,340
73,3,2,7,1,358
19,4,4,4,7,422
72,0,5,4,10,641
90,5,1,1,8,853
24,0,2,7,7,551
2,3,4,5,2,375
44,0,3,2,9,554
14,4,1,6,8,219
33,4,1,6,2,268
79,1,5,7,5,601
45,0,1,1,4,809
80,3,4,3,5,844
54,1,2,2,6,912
36,4,2,6,7,957
25,5,3,1,7,855
71,1,1,5,1,654
35,4,4,4,6,912
28,2,2,1,10,754
67,1,3,6,2,646
59,3,1,6,8,350
22,5,0,5,5,844
3,5,2,4,8,211
20,0,2,1,1,989
12,5,3,2,8,803
68,2,5,3,8,766
26,2,5,4,7,274
11,0,0,1,1,641
78,0,5,5,9,616
86,0,5,3,9,240
86,0,4,1,10,925
33,4,1,7,2,231
4,2,5,3,10,699
11,4,0,1,9,667
63,4,1,3,9,337
85,1,4,1,8,643
75,1,5,6,3,863
96,2,3,1,2,461
39,4,2,3,10,850
46,1,3,3,6,551
9,0,0,3,9,308
2,0,5,7,1,332
19,2,5,7,9,716
36,0,5,6,2,773
45,3,5,2,8,644
7,2,5,6,1,356
44,5,1,3,2,553
30,1,5,2,5,959
23,2,3,4,2,592
17,5,2,1,6,435
0,1,3,7,8,984
4,0,1,2,1,956
63,2,4,5,2,630
28,3,1,1,1,408
76,3,0,5,3,905
50,1,1,6,8,667
1,3,4,6,6,509
40,3,1,4,6,372
23,0,2,2,9,859
37,4,1,1,2,276
47,0,2,7,6,648
70,2,3,3,9,660
58,2,2,6,3,900
28,4,5,5,6,263
64,1,2,2,9,400
5,2,3,1,5,324
50,1,1,2,6,500
7,3,4,7,5,665
51,3,3,6,6,469
6,3,2,6,2,926
22,4,1,3,4,910
43,2,2,6,2,460
62,1,4,6,7,967
18,0,5,6,10,651
90,2,0,6,6,994
18,3,3,1,8,592
63,4,4,5,1,745
39,4,3,1,2,679
48,2,1,4,4,693
95,5,4,4,10,966
31,4,0,2,7,855
76,3,0,4,2,716
72,2,1,2,5,988
49,1,1,4,2,546
13,1,1,4,6,343
95,4,2,7,10,903
90,1,2,3,4,421
40,5,3,7,4,376
56,2,1,1,6,973
87,2,0,7,8,970
43,2,0,5,9,540
23,3,0,2,8,587
36,0,5,2,8,565
20,5,4,5,6,338
36,4,0,5,7,344
25,1,2,5,7,914
11,1,1,6,5,366
69,5,4,6,5,307
88,1,5,3,5,740
13,5,0,1,4,492
31,2,5,4,7,661
84,3,0,2,2,648
8,0,2,5,8,505
91,4,4,1,9,593
33,0,5,3,4,302
82,2,1,7,6,699
22,5,1,5,7,705
23,3,3,1,2,855
12,1,5,5,9,606
51,0,1,1,7,657
8,0,3,6,10,528
28,1,4,1,9,933
81,1,1,7,2,203
39,1,3,3,2,428
27,3,2,2,4,485
31,3,1,2,2,747
64,0,4,1,2,243
81,4,2,3,1,892
70,5,3,1,7,439
64,3,4,5,10,207
48,4,2,4,1,925
79,1,5,5,1,872
41,3,0,5,2,933
88,1,1,7,4,576
35,5,5,6,1,208
74,0,0,4,5,756
90,4,2,1,10,415
21,5,3,4,6,665
70,1,3,5,8,644
40,2,3,7,1,600
93,0,5,3,5,352
50,5,0,7,9,420
17,5,1,2,9,402
3,0,2,7,8,708
43,0,5,7,7,661
20,2,4,7,6,971
4,1,5,5,1,972
67,5,4,1,7,563
66,0,1,1,8,636
39,1,1,2,2,767
3,1,0,1,4,661
40,1,4,4,3,260
54,5,0,1,8,779
76,0,1,4,8,591
75,3,0,5,9,225
89,1,1,4,10,269
5,1,4,5,9,944
40,4,4,5,4,771
3,4,2,3,3,629
17,3,1,2,5,915
97,0,3,1,3,271
22,5,1,4,6,788
22,5,5,6,7,849
92,5,3,2,5,283
49,4,4,6,2,680
70,2,0,3,9,814
37,4,5,6,10,557
2,4,0,5,3,532
69,0,4,4,6,599
61,5,0,7,6,699
86,5,1,7,1,344
31,5,2,4,9,494
97,3,5,3,4,971
63,3,5,2,2,886
42,1,0,2,5,600
84,5,2,5,7,693
25,5,2,2,1,552
56,1,0,3,9,887
32,1,2,3,1,803
68,5,2,5,5,733
68,3,4,2,7,430
18,5,3,4,1,496
46,5,1,1,7,335
90,0,2,3,9,978
22,3,2,5,9,926
30,1,3,3,9,706
13,4,5,6,7,201
32,2,5,4,1,525
53,5,4,7,3,477
88,0,0,7,4,766
11,2,4,5,2,981
22,1,2,3,6,758
61,3,0,3,4,541
75,2,3,2,5,923
39,0,4,4,1,940
66,5,5,5,3,526
66,2,0,6,10,872
58,3,1,2,5,733
81,1,0,6,6,318
78,3,2,4,10,495
86,5,0,2,1,428
37,2,0,1,10,913
4,0,3,6,5,270
95,5,0,5,8,375
10,4,4,4,1,809
17,5,3,5,4,514
55,5,1,4,6,875
11,2,2,3,10,215
58,3,2,2,9,677
25,3,5,4,6,289
56,0,4,5,5,588
24,3,1,5,9,933
54,2,4,4,5,728
95,5,3,1,1,419
17,1,5,2,7,725
91,5,4,6,6,957
43,3,1,2,9,559
62,1,3,7,8,920
75,5,3,4,4,429
93,2,4,1,2,985
80,0,4,7,1,246
16,1,2,5,6,263
9,4,1,6,10,768
32,3,3,2,2,878
64,0,1,3,8,510
97,4,1,7,2,555
81,3,0,6,6,385
28,5,4,1,7,484
86,1,2,1,8,877
25,3,0,5,1,870
45,1,4,1,6,668
79,5,1,3,2,400
47,4,5,4,7,238
74,1,1,6,2,276
44,1,1,5,8,380
73,0,1,6,5,831
96,2,4,4,9,975
92,5,5,4,3,232
37,3,2,1,8,934
88,4,1,3,8,376
64,5,0,2,5,436
85,4,0,1,1,951
58,4,5,6,9,821
69,5,4,4,8,851
15,4,2,5,1,539
37,3,5,3,2,995
62,1,3,6,7,452
57,5,5,5,7,612
60,1,3,4,9,393
34,5,4,3,6,453
84,2,1,1,9,902
1,2,3,1,9,587
10,3,0,4,10,560
41,2,5,3,4,885
69,5,1,3,6,523
39,1,4,1,1,216
37,2,4,4,9,834
93,2,1,2,8,974
88,1,0,5,1,272
43,1,3,3,9,377
75,2,0,2,6,904
83,4,0,4,7,220
42,1,2,7,1,381
93,1,0,3,4,294
90,3,4,7,8,909
60,3,2,6,3,450
20,5,1,2,5,963
68,1,2,4,2,469
57,1,2,7,6,299
62,3,5,7,10,660
19,5,5,7,3,489
4,0,2,7,9,779
3,4,1,5,6,431
20,2,0,5,3,546
61,5,2,1,3,556
46,5,0,7,6,989
2,0,1,3,6,215
52,4,4,7,2,599
88,2,5,5,8,674
17,3,4,2,3,463
20,1,3,5,1,536
37,1,5,4,5,814
46,2,0,6,4,694
54,3,3,2,10,371
37,0,0,2,10,299
18,2,1,5,3,437
84,3,3,1,2,313
12,0,5,4,3,686
44,5,2,3,10,859
32,2,4,4,1,714
72,3,2,7,4,927
91,0,5,4,1,649
94,3,1,3,10,413
76,3,0,5,5,597
82,2,5,7,8,295
80,4,0,1,10,605
67,3,1,5,5,225
79,3,5,1,1,794
5,1,5,5,10,763
29,5,0,1,8,942
15,5,2,7,9,680
28,3,0,7,5,442
90,3,1,4,8,974
85,5,5,1,6,600
26,0,5,2,10,859
87,5,4,3,8,665
58,5,0,5,8,920
26,0,1,7,9,906
15,0,2,4,7,392
93,1,2,5,1,614
7,2,1,2,8,469
52,2,5,3,6,627
99,1,2,2,9,732
29,0,4,6,10,651
0,5,1,6,8,417
95,4,1,2,2,738
30,3,4,4,9,849
25,1,4,2,5,221
42,3,1,5,7,891
6,1,3,7,3,512
95,5,3,1,3,667
8,0,5,4,5,399
59,1,2,2,10,832
93,2,5,1,8,714
62,0,1,2,9,794
10,3,0,3,4,307
99,0,5,4,10,695
34,3,0,3,4,889
81,2,0,4,5,357
21,1,0,1,5,517
65,0,1,5,2,653
35,0,3,6,10,997
4,5,4,5,6,861
69,3,1,6,5,685
45,4,4,5,5,576
67,5,1,4,4,228
41,3,4,2,4,624
37,4,3,6,4,765
47,4,4,7,5,470
76,0,1,6,9,446
73,5,2,5,1,217
14,5,2,6,3,947
69,0,4,2,4,749
42,5,5,5,10,588
56,2,4,7,8,676
71,5,0,5,7,389
37,3,4,2,9,957
77,1,2,6,8,782
16,4,2,5,3,796
48,4,0,5,1,487
78,4,1,4,3,996
79,4,1,2,1,364
69,2,0,3,3,465
50,1,3,2,10,966
55,0,3,3,3,902
25,2,1,1,3,886
63,0,3,4,7,497
96,0,1,4,4,629
12,1,4,4,9,807
2,3,1,3,5,955
14,1,5,4,5,530
86,0,3,6,7,887
36,5,4,3,1,293
41,2,4,3,6,695
91,3,0,5,8,325
5,1,3,2,7,440
53,4,0,3,5,454
57,0,1,1,5,447
61,3,5,3,7,356
15,1,1,1,8,765
41,4,4,7,3,921
88,1,4,1,4,204
78,5,2,2,6,610
4,3,0,5,7,972
47,4,1,5,7,438
16,5,1,4,1,803
81,2,3,2,1,489
11,2,0,7,10,924
90,2,2,1,5,355
34,3,4,7,5,482
7,2,3,4,3,952
76,4,2,6,2,353
68,1,3,2,1,985
1,0,2,4,9,217
38,1,5,4,5,238
95,3,2,7,3,393
31,2,1,6,2,482
61,4,0,7,3,619
49,3,2,6,4,610
48,2,1,7,9,535
91,0,4,2,4,350
45,2,0,3,1,338
80,4,0,1,4,418
29,0,0,4,1,952
65,3,3,7,8,881
64,2,0,5,3,603
20,5,4,3,2,349
56,0,4,7,8,528
57,2,1,2,10,987
32,2,2,2,6,502
79,0,3,7,4,341
66,1,0,2,2,562
48,0,2,5,1,556
34,2,0,5,2,498
67,2,0,7,8,420
11,0,4,3,5,1000
54,2,0,1,1,867
77,3,0,3,3,964
80,3,4,3,10,403
60,5,0,6,4,339
12,0,1,7,1,720
22,1,5,4,6,713
9,5,3,2,1,680
86,2,5,1,8,968
63,2,2,2,10,241
58,1,1,7,2,468
93,0,3,3,3,996
80,3,3,7,7,870
54,2,1,2,2,749
15,4,5,5,10,411
1,4,5,5,5,808
55,4,3,1,2,220
68,2,2,4,8,397
95,4,4,2,1,287
84,0,3,4,1,868
13,4,0,4,2,768
88,5,2,7,4,704
7,0,5,6,9,823
3,4,3,4,7,998
87,2,3,5,7,719
35,3,1,5,3,585
38,1,0,2,5,350
44,0,2,4,10,230
64,0,4,5,4,792
61,5,1,2,9,540
21,4,5,6,7,941
21,0,1,3,7,634
69,3,1,4,9,610
45,2,5,7,9,773
1,3,1,4,9,459
64,5,1,1,9,268
98,0,1,2,6,844
17,5,2,6,10,622
47,3,5,7,7,966
21,5,1,4,9,223
30,1,1,5,5,649
99,0,1,7,1,511
18,4,0,1,7,298
43,0,3,5,5,439
56,2,0,3,6,786
38,2,4,3,10,281
45,3,3,4,7,780
33,4,3,6,6,404
65,1,2,3,5,723
2,5,4,2,2,614
19,4,4,2,8,476
40,5,5,4,5,360
73,0,0,4,1,302
84,3,5,4,6,992
59,4,5,7,7,579
24,0,2,6,2,567
65,3,3,7,3,251
83,2,0,3,9,937
52,1,5,1,1,279
95,2,3,7,5,779
29,4,4,5,10,424
25,0,1,7,2,706
9,1,1,5,4,396
2,0,1,7,4,895
69,2,4,2,10,292
56,0,3,1,4,851
90,2,3,6,8,527
8,1,1,6,3,479
33,4,2,3,7,701
48,3,3,2,8,758
4,1,3,3,5,425
39,1,2,7,4,900
94,4,3,5,6,938
98,5,4,6,5,660
83,3,1,7,4,870
75,2,5,5,5,430
8,5,5,6,5,867
78,5,4,7,5,497
15,2,5,4,6,925
89,1,2,1,4,957
13,0,4,3,7,739
17,1,5,1,1,650
42,1,2,4,1,648
80,0,2,1,7,793
62,1,4,7,5,423
33,2,5,6,6,318
14,1,4,2,5,500
33,2,4,4,4,872
92,5,4,6,9,752
99,3,4,1,4,455
9,2,0,1,5,999
47,0,4,5,4,639
15,2,4,6,6,780
95,4,3,5,1,295
39,0,0,1,5,435
50,2,2,6,10,970
13,3,0,7,9,814
41,0,2,5,9,299
24,2,2,1,3,881
84,5,2,4,5,860
60,5,3,1,5,827
97,4,0,5,9,416
14,1,1,4,1,850
7,4,2,1,9,864
81,0,5,4,2,302
46,3,5,5,8,479
83,4,4,5,1,455
87,4,3,5,10,854
82,5,4,5,3,910
73,4,1,5,4,318
63,4,5,3,8,702
46,2,3,1,7,900
11,5,3,6,10,870
66,4,5,5,8,631
12,0,3,4,7,842
69,5,2,1,8,936
70,3,2,3,8,896
99,3,0,6,6,326
16,1,4,3,2,782
73,4,5,4,5,901
78,3,5,6,10,941
3,2,3,1,8,764
65,2,2,7,4,221
92,2,5,4,7,683
71,2,2,5,7,502
15,4,4,6,2,1000
92,1,1,2,7,844
26,4,3,6,3,772
97,4,3,5,5,432
25,5,1,5,10,556
68,2,2,1,6,344
14,1,0,2,9,996
5,4,4,5,5,303
50,5,5,1,8,814
88,5,3,1,9,669
40,2,3,7,2,669
68,2,1,5,3,458
18,3,5,6,5,663
1,2,5,7,8,279
6,0,4,3,6,575
52,2,5,4,8,258
40,3,0,4,4,451
32,1,2,4,5,450
18,3,0,1,10,585
21,4,2,2,10,885
1,3,5,1,4,305
9,4,4,3,2,348
30,4,3,2,10,216
9,3,4,3,10,621
0,5,5,7,5,645
55,2,1,4,5,951
29,5,3,4,5,941
45,4,3,5,9,371
29,5,0,1,9,281
38,0,0,4,9,805
25,0,2,3,9,748
84,2,0,6,9,853
96,3,3,2,1,610
10,5,4,2,10,722
62,5,5,3,3,436
0,1,4,4,3,888
61,5,0,4,2,627
63,2,5,4,2,559
33,5,2,4,5,675
11,4,3,2,7,374
56,0,2,1,4,662
52,5,5,5,3,698
32,3,2,4,1,709
36,4,0,2,9,850
83,1,0,4,6,420
50,1,5,4,3,257
68,2,2,2,10,712
15,3,5,4,6,252
38,4,0,2,10,461
74,3,3,3,6,622
70,5,3,1,1,636
54,1,4,3,10,676
92,1,3,2,2,317
37,0,0,3,2,243
23,0,3,4,2,665
28,1,3,7,10,858
99,0,3,4,2,992
80,2,5,5,10,852
55,2,4,1,9,347
72,4,1,1,9,665
74,4,1,1,6,333
8,4,0,1,7,497
76,2,0,2,6,703
9,2,0,5,1,330
36,3,1,3,7,535
55,3,0,5,8,938
5,2,4,5,10,247
13,4,2,5,7,308
0,5,3,1,9,317
11,2,4,7,10,734
28,5,1,3,6,897
98,4,1,4,6,363
71,2,3,3,3,926
80,3,3,3,2,852
28,4,3,6,5,902
63,5,3,1,1,338
90,5,4,2,8,887
98,5,2,1,2,893
80,0,5,5,6,993
25,3,3,7,2,444
14,3,5,3,10,378
58,4,1,3,6,752
21,4,3,7,5,889
73,0,5,3,10,667
8,5,0,5,2,646
21,0,1,7,10,432
56,2,5,4,8,819
82,4,2,7,7,530
73,0,4,5,9,891
24,5,4,6,7,625
17,5,0,6,2,425
58,0,1,3,4,201
94,0,1,2,10,689
21,2,3,7,6,525
0,1,3,6,8,994
83,0,2,3,1,948
12,2,1,2,3,824
26,1,2,4,8,987
30,3,3,3,8,980
30,1,2,6,7,733
13,1,3,1,8,539
36,3,1,3,10,772
78,4,3,5,5,853
21,5,3,5,10,507
92,0,3,4,10,625
94,5,4,2,10,710
0,5,4,3,10,577
84,0,5,2,1,710
61,1,2,1,10,316
41,5,1,3,10,760
42,5,4,2,3,589
77,5,1,4,1,536
80,3,0,6,9,508
72,0,2,3,7,462
25,3,3,4,10,996
69,1,3,1,7,694
48,3,1,1,10,280
79,1,2,7,6,505
62,4,4,1,6,228
6,0,1,5,10,908
99,0,2,5,3,888
70,2,0,4,3,753
67,0,3,7,6,926
2,3,2,2,3,747
18,2,3,7,3,686
62,0,3,4,7,884
88,4,1,2,9,964
57,0,1,7,7,770
4,0,0,1,1,844
43,3,2,1,5,207
54,3,5,4,10,691
56,5,4,5,3,487
72,3,2,1,6,423
51,2,1,5,3,352
23,4,4,7,5,459
7,4,1,3,7,400
54,2,5,7,8,372
68,5,5,5,2,237
28,4,2,6,8,398
80,0,1,4,6,985
38,4,0,2,2,996
18,4,3,7,1,904
23,1,5,3,3,278
12,0,1,2,7,571
96,3,4,7,9,630
45,3,4,7,1,421
57,3,0,2,2,456
52,0,1,6,3,365
63,3,5,7,7,994
32,3,4,7,2,329
78,0,3,4,7,944
0,0,0,1,10,510
30,4,4,7,4,909
54,0,5,4,10,892
46,5,1,3,9,404
28,5,5,1,3,418
80,3,4,5,1,440
12,0,3,6,8,799
1,2,3,1,8,819
19,3,5,6,6,432
96,4,1,1,5,639
53,0,4,2,8,465
33,2,4,3,2,836
60,5,1,3,3,395
71,4,2,3,2,553
21,3,0,6,7,819
28,0,5,2,7,794
2,2,3,7,3,915
31,0,5,6,2,955
36,5,0,4,9,867
52,5,3,2,2,745
76,5,4,3,4,361
59,1,5,4,3,547
94,4,5,1,5,295
99,3,3,4,1,609
81,1,4,5,3,414
23,5,0,4,7,343
47,4,4,6,4,973
34,0,4,1,1,887
32,0,5,6,5,230
92,0,4,1,10,807
66,3,2,4,8,356
38,2,1,4,7,579
33,5,2,2,9,260
8,4,2,7,10,516
71,3,0,5,3,929
5,5,5,4,4,227
10,3,3,3,10,982
8,1,1,5,10,559
36,1,2,2,8,565
31,5,2,3,2,652
62,2,1,7,7,741
81,4,5,2,6,586
10,1,1,3,3,862
31,3,5,2,9,351
41,2,5,6,9,452
21,2,5,6,8,561
20,3,5,6,1,354
8,5,0,5,6,778
35,3,0,3,9,915
39,3,4,1,10,588
77,3,3,2,3,247
31,3,4,2,5,560
61,4,4,3,7,272
54,0,1,4,4,442
95,4,4,4,5,734
51,5,0,4,9,456
56,4,2,7,4,269
94,4,2,4,3,589
75,2,4,3,1,457
40,5,3,2,8,951
61,5,3,7,8,214
84,0,4,2,3,820
37,0,4,1,8,1000
79,5,5,3,8,218
42,4,0,3,2,797
0,1,5,7,1,646
50,0,5,5,2,762
25,2,1,6,4,846
22,5,0,1,1,693
26,5,4,4,4,253
99,3,3,4,10,775
86,2,4,6,1,504
36,2,3,3,10,455
75,0,4,7,4,746
35,3,5,4,8,628
4,0,2,3,6,277
76,3,3,4,8,200
27,3,5,6,6,291
45,1,2,1,3,698
4,3,4,7,1,382
22,2,4,6,7,909
97,4,4,4,3,584
2,2,0,5,9,261
21,1,2,7,7,534
11,5,5,2,8,763
78,1,2,2,3,694
71,0,3,3,8,929
20,4,5,5,3,851
13,0,3,7,9,588
3,5,1,7,8,299
44,1,2,4,2,477
96,5,1,2,9,287
26,2,3,1,9,689
96,1,4,7,8,947
25,2,3,1,4,207
20,1,0,4,5,383
74,4,2,1,10,527
77,2,1,6,1,753
84,2,5,4,9,836
0,1,0,5,5,670
92,5,3,6,9,565
14,0,4,4,4,355
75,4,5,2,6,494
52,1,0,4,8,845
54,3,4,5,6,615
75,2,5,7,4,663
3,4,3,2,2,830
8,2,1,5,9,518
12,0,0,4,10,277
90,4,0,6,10,776
98,5,3,2,9,372
94,4,3,7,3,707
47,3,1,7,8,529
73,4,2,4,3,658
18,0,3,4,6,973
38,0,2,3,9,535
19,0,3,7,1,987
59,5,4,2,2,309
71,4,4,3,2,426
68,1,5,3,10,963
17,2,0,1,6,277
27,4,4,1,5,333
11,3,3,5,7,932
53,3,2,3,9,299
6,0,2,3,7,281
28,1,0,3,10,464
58,3,4,1,10,848
14,5,2,3,9,626
99,4,0,1,6,938
44,5,3,4,1,343
36,0,4,2,1,576
18,2,1,6,5,252
1,4,4,5,5,585
52,5,2,3,3,368
72,4,3,4,7,860
50,4,0,6,4,950
65,2,1,2,8,818
18,2,5,3,10,349
12,1,4,2,3,327
7,1,0,2,9,312
47,5,3,3,2,600
97,5,2,5,2,813
25,4,5,4,10,211
90,4,0,7,7,358
74,2,1,4,4,502
70,0,2,5,10,872
41,3,3,6,2,986
87,3,1,4,8,394
65,2,4,5,4,374
61,4,1,2,4,811
88,0,1,1,9,325
86,1,1,1,8,864
90,1,5,7,6,595
23,3,5,5,4,379
72,4,1,4,8,447
4,3,2,1,6,604
44,1,3,2,8,306
89,4,2,7,1,902
53,0,3,1,8,216
69,2,4,7,1,936
45,5,3,2,10,963
85,5,1,1,4,282
56,1,2,2,1,844
57,5,1,4,3,728
47,2,3,7,9,893
13,0,0,1,10,742
55,5,0,4,8,588
70,3,4,7,3,724
47,3,0,1,7,624
80,2,2,1,2,633
38,4,1,6,4,536
48,5,0,3,8,717
10,5,0,2,4,631
69,5,5,1,7,670
99,0,5,5,8,651
97,1,3,1,3,347
5,1,3,5,7,481
77,5,3,1,3,751
92,0,2,7,9,923
36,5,3,5,1,490
81,5,3,5,9,701
69,2,2,1,9,323
93,4,5,2,7,516
71,4,3,3,7,245
74,4,5,2,10,651
58,0,3,3,2,229
51,3,4,3,3,289
24,5,5,3,4,248
15,0,5,7,8,583
38,3,1,7,1,375
47,1,1,5,1,803
48,2,4,1,9,275
20,3,4,5,7,489
64,3,4,6,4,602
99,1,0,1,9,682
19,3,5,5,1,500
68,4,2,2,10,762
55,3,2,5,3,341
62,3,1,3,9,700
19,0,5,1,3,466
50,0,4,7,7,464
86,4,3,2,3,319
37,1,2,4,1,295
25,2,3,3,4,557
86,0,4,1,7,409
28,0,3,2,5,954
58,3,1,1,6,763
67,4,5,3,1,721
54,5,0,7,3,790
21,0,5,4,3,641
57,3,2,6,7,655
16,2,1,6,3,225
44,2,3,3,6,685
3,3,2,1,10,369
0,3,0,7,1,988
84,5,5,2,3,305
98,5,2,5,8,666
54,1,5,4,4,770
83,5,0,3,6,905
54,0,3,7,10,833
47,5,3,5,3,814
71,4,2,4,2,636
3,2,2,1,5,679
53,5,4,4,4,487
1,4,1,5,9,772
56,5,1,2,3,432
58,2,2,7,7,809
8,4,5,2,8,824
71,4,3,7,2,348
28,4,5,1,6,484
55,3,2,2,2,246
77,3,5,7,3,891
10,1,3,6,3,853
30,5,0,5,1,901
65,0,1,7,4,559
76,1,0,7,2,504
73,2,2,5,1,351
30,1,3,2,2,415
70,3,5,6,5,454
56,0,2,6,10,389
64,0,0,6,10,664
40,3,0,5,6,762
15,2,5,1,2,659
0,0,4,4,5,283
0,3,3,4,7,790
66,0,1,1,6,238
12,2,2,6,2,906
71,0,4,5,10,732
25,3,1,7,4,742
60,2,1,3,9,603
80,1,5,3,5,528
78,2,5,1,5,935
78,0,4,2,10,495
45,5,2,2,9,234
69,5,4,5,10,788
84,2,4,7,9,331
63,0,3,4,5,980
61,0,2,7,4,844
75,3,3,1,10,359
99,3,4,7,5,499
66,4,4,1,9,828
37,4,3,3,8,689
9,4,0,4,5,803
18,1,4,7,8,769
37,4,5,5,3,889
61,4,0,4,7,311
66,4,3,6,5,811
51,5,1,6,4,238
22,5,0,2,2,284
93,0,3,7,5,740
91,1,5,2,3,677
84,0,5,3,9,621
74,2,1,6,2,646
35,5,0,4,9,612
62,5,2,1,7,526
61,4,5,7,3,448
53,2,5,2,9,968
10,5,0,5,2,438
58,1,2,4,5,665
15,1,3,4,7,585
98,0,3,3,5,258
73,2,0,2,9,284
93,0,5,6,3,366
4,1,3,3,8,638
6,4,0,6,1,416
25,5,1,6,2,838
43,4,1,2,5,600
55,2,5,2,4,332
52,4,1,3,8,468
94,2,0,6,8,404
58,1,3,2,2,945
3,4,2,1,2,230
62,2,1,6,10,428
53,0,5,3,5,454
56,1,4,4,7,236
52,3,2,5,10,934
12,5,5,6,5,879
90,5,0,5,4,798
24,0,1,6,6,205
60,0,4,3,4,621
83,2,0,3,8,367
17,0,5,2,3,520
63,5,2,5,10,690
92,3,0,3,4,422
56,1,0,7,1,414
84,5,2,6,7,506
58,3,3,1,8,304
88,5,4,3,3,448
23,2,4,3,10,849
84,1,1,5,2,614
39,3,5,4,2,765
45,3,5,5,10,503
13,3,5,5,3,987
19,0,1,3,10,882
97,2,4,4,1,384
28,4,4,1,9,762
29,0,3,6,5,837
90,4,4,2,5,238
14,5,2,1,4,748
67,4,3,6,8,831
52,5,2,5,2,285
63,1,5,2,3,581
76,3,5,4,2,463
36,5,3,3,1,892
64,4,3,5,5,703
20,3,4,1,2,516
29,4,1,3,3,835
81,1,4,4,10,795
85,0,4,2,2,324
83,3,4,3,6,637
35,1,3,5,9,789
59,2,2,4,4,461
53,4,2,7,5,923
37,2,4,7,5,597
84,2,3,6,3,998
41,0,3,4,8,246
9,5,2,6,8,684
68,0,4,1,2,761
35,2,2,2,3,906
41,1,5,5,10,902
45,2,2,3,6,200
48,4,2,4,3,231
62,1,5,6,6,836
48,4,0,3,7,581
42,5,2,5,5,268
89,1,0,7,6,239
14,2,0,3,2,282
4,5,5,2,9,721
21,4,0,1,5,771
62,2,2,4,1,309
53,1,5,1,4,976
69,1,3,4,2,569
60,3,5,5,5,553
12,1,3,7,3,945
58,0,5,5,1,784
33,3,3,7,6,551
82,0,3,5,6,954
25,0,3,2,4,960
25,1,4,3,1,535
54,4,2,3,1,922
18,0,0,4,6,524
54,5,5,6,1,467
13,2,5,3,6,277
84,1,0,4,9,525
37,1,2,2,2,867
13,3,3,5,5,355
3,5,3,1,2,689
99,1,5,2,4,267
44,5,4,4,8,307
95,0,0,3,10,920
1,5,5,6,8,991
64,3,4,6,5,980
33,1,5,2,10,634
29,0,1,7,8,607
12,1,4,1,4,332
89,5,4,1,6,690
22,5,2,2,6,742
63,2,3,7,9,547
12,3,0,3,6,389
46,0,2,7,7,489
88,1,1,7,9,690
11,4,4,1,3,390
18,1,4,2,8,751
84,4,3,2,7,924
88,2,1,1,1,260
17,5,2,2,3,899
96,1,5,7,9,773
85,5,2,2,7,879
77,2,5,5,9,972
49,4,5,7,10,524
38,3,5,5,7,242
44,5,0,7,9,331
46,4,4,4,2,872
48,1,3,2,5,697
29,2,0,4,2,966
58,3,0,1,9,331
21,3,3,1,5,758
59,1,1,1,2,305
68,0,1,1,4,566
80,5,4,4,5,671
80,2,4,6,2,869
81,5,5,4,10,929
25,4,1,4,6,309
81,3,5,6,10,429
79,1,0,4,5,475
67,1,5,4,2,969
40,2,3,4,4,338
20,2,2,6,2,999
10,0,3,4,10,205
97,4,1,7,5,265
12,0,2,2,10,229
72,1,0,4,8,514
44,3,4,2,1,542
68,4,0,6,3,300
95,0,5,3,4,904
59,4,3,6,10,797
96,5,0,6,9,938
3,1,5,3,5,916
93,4,2,1,6,290
28,2,2,6,9,573
36,3,0,3,4,942
38,0,2,5,1,673
27,4,4,6,6,861
41,5,4,2,2,426
3,3,5,6,9,688
51,2,0,6,2,286
78,1,4,5,5,779
44,1,0,5,2,215
88,2,0,1,8,907
52,5,4,6,7,497
1,1,4,1,10,554
42,4,4,2,5,900
17,3,4,1,3,688
69,0,2,6,10,521
73,2,3,3,5,291
11,5,3,6,1,413
37,3,0,1,4,521
90,1,4,7,6,263
56,5,0,4,3,429
14,3,2,1,1,286
29,5,4,2,5,337
49,3,5,5,7,411
44,4,2,1,1,687
4,3,3,1,7,592
30,0,4,2,5,562
43,4,4,6,7,459
66,4,3,4,4,345
71,3,4,4,2,481
36,2,4,6,1,457
73,1,3,5,7,909
44,1,2,5,9,735
84,4,1,7,10,898
32,0,4,3,2,415
48,1,3,2,2,481
70,4,0,7,2,446
90,4,1,7,3,496
85,4,3,3,2,568
67,5,4,4,8,689
45,3,2,1,7,924
91,2,1,3,3,865
69,3,3,2,10,330
99,3,1,6,7,275
84,0,3,3,9,505
0,1,1,2,5,737
63,2,1,1,2,715
79,5,0,3,4,694
81,2,2,4,10,389
43,4,4,4,1,503
58,0,2,5,1,374
95,4,5,1,8,507
57,3,0,4,7,495
56,5,1,3,10,270
20,1,0,6,2,535
11,4,5,2,10,427
49,2,5,3,5,313
73,1,2,3,10,731
3,3,2,7,3,306
71,5,4,2,7,431
84,0,5,4,10,850
56,1,2,2,8,304
38,4,3,5,1,410
89,4,5,5,3,383
32,1,1,6,4,687
52,2,2,1,8,642
37,2,4,6,8,702
31,3,4,7,4,277
44,1,1,5,4,874
17,3,1,7,10,922
67,2,5,5,3,702
62,3,4,4,6,824
39,4,3,1,1,262
2,2,1,2,3,545
92,5,4,6,8,770
7,4,0,6,10,693
26,1,4,2,10,919
53,5,1,1,2,695
76,5,4,7,5,956
96,0,1,7,1,253
43,1,0,1,1,642
53,3,0,3,3,743
89,4,5,2,7,668
17,2,4,6,5,622
54,4,3,5,8,265
44,0,0,4,7,688
94,4,3,1,10,588
34,5,1,5,9,528
62,0,0,7,2,310
79,2,3,4,9,942
15,0,3,1,9,209
30,4,4,5,7,252
20,5,5,7,7,548
91,4,2,5,2,950
40,3,3,2,6,686
19,3,1,5,6,508
38,2,2,3,4,599
38,4,0,7,8,311
13,2,5,2,4,357
52,3,3,2,5,817
39,2,2,6,1,840
63,0,0,5,2,831
95,2,5,7,9,575
31,1,0,2,8,504
2,3,3,7,7,435
53,3,1,4,8,951
94,5,5,6,5,602
61,5,5,1,7,311
29,2,1,3,9,345
21,4,1,3,7,431
31,3,4,6,9,466
89,4,1,3,1,579
65,1,4,4,7,299
42,1,1,4,4,918
33,4,3,3,8,383
24,0,3,2,5,924
90,2,5,4,3,756
27,0,5,6,3,494
25,2,0,1,6,221
65,5,4,5,9,916
34,4,3,1,1,855
37,1,0,6,7,536
5,2,2,7,1,578
26,2,0,3,5,356
32,2,2,4,10,399
80,1,4,3,9,274
29,4,4,5,5,517
11,3,0,2,9,994
38,3,2,7,7,842
63,1,4,4,9,802
41,1,5,2,3,381
38,2,1,3,6,441
89,0,3,2,2,206
87,0,3,6,5,586
4,4,3,5,1,672
71,3,5,6,10,356
81,1,5,6,2,349
72,0,4,6,4,732
38,2,0,1,8,356
21,2,2,4,1,961
90,5,3,3,2,370
12,4,1,1,9,431
25,4,1,4,5,957
99,1,4,7,3,829
41,0,1,1,10,347
4,1,2,7,2,775
85,0,1,6,5,855
39,0,1,6,5,611
2,4,4,1,9,299
59,5,2,1,8,948
60,1,3,5,3,900
63,4,5,3,7,875
78,4,4,3,7,647
82,5,4,7,5,646
79,2,2,2,7,347
16,1,5,1,5,742
56,5,0,7,6,579
17,4,1,4,3,751
21,3,5,2,2,562
11,5,1,7,7,597
90,2,2,5,3,666
23,0,1,4,3,514
54,5,2,6,1,921
24,1,5,7,10,440
26,4,0,5,6,302
21,3,3,7,6,714
78,1,1,1,2,960
3,5,5,3,8,284
91,1,4,5,3,356
54,2,4,5,7,777
74,1,1,5,2,469
24,2,5,3,8,706
39,1,0,2,8,832
49,0,2,3,3,420
99,3,3,2,9,398
54,2,3,6,10,608
39,3,5,1,10,606
42,2,1,1,7,607
30,1,0,4,4,711
66,1,3,1,10,383
41,3,2,7,1,999
29,5,4,1,9,292
30,2,0,1,8,761
40,3,0,4,4,837
28,2,5,2,5,217
3,1,2,2,10,701
62,4,5,5,9,265
28,2,4,2,4,527
63,1,2,6,3,718
11,4,5,6,8,662
81,4,5,4,9,941
34,4,2,6,8,712
99,2,3,1,7,658
74,3,0,4,10,503
41,4,3,3,9,388
55,5,5,4,8,411
42,1,5,3,5,590
87,2,4,3,3,830
0,1,0,1,8,467
83,0,3,4,8,486
23,4,2,6,9,581
85,1,1,2,1,970
73,4,1,5,10,822
76,3,4,4,1,938
28,2,3,4,5,349
43,1,0,4,9,958
26,3,0,2,9,652
75,1,4,1,10,718
61,5,5,5,5,399
24,3,3,5,2,499
26,2,0,6,9,496
43,4,5,5,10,789
90,4,0,6,4,951
55,0,2,3,1,871
84,3,3,3,2,659
62,4,0,5,10,738
30,2,5,7,1,589
35,4,0,3,3,540
59,1,2,7,4,710
37,4,2,1,6,506
51,4,2,4,7,984
18,1,4,2,7,900
21,0,0,3,1,250
45,4,1,2,2,768
7,4,2,5,4,626
34,0,2,5,9,925
51,2,0,3,4,605
18,2,3,4,4,732
24,2,0,2,9,335
0,4,2,5,2,415
50,5,2,5,10,930
74,5,5,6,8,288
40,4,5,7,4,755
39,4,1,5,9,596
33,5,0,2,7,793
29,1,1,7,9,475
43,3,1,1,6,748
77,4,3,6,1,281
53,5,5,6,8,563
9,1,2,5,10,807
67,5,4,1,4,557
58,4,1,6,10,800
9,4,3,4,5,456
37,0,1,5,6,353
25,5,5,3,2,387
70,2,4,4,3,957
90,2,2,1,7,895
25,4,1,6,4,903
66,5,5,2,6,564
30,4,0,2,10,474
13,5,1,5,3,201
47,4,5,3,3,518
89,1,2,5,10,577
56,2,3,7,4,968
47,4,5,6,7,764
83,3,4,1,10,504
97,4,0,5,4,309
57,3,1,7,1,404
61,3,0,4,6,372
71,3,4,2,3,969
49,5,5,3,1,857
51,5,4,3,7,907
99,2,2,6,6,323
54,1,4,6,7,786
22,0,1,6,6,842
35,1,2,7,3,622
23,1,1,4,2,689
8,3,4,2,3,997
25,0,2,4,5,241
16,5,1,7,4,573
79,5,5,7,5,957
56,0,4,3,4,539
50,2,1,6,1,292
79,3,3,6,4,207
81,5,5,3,7,566
81,5,5,3,1,754
25,3,5,6,4,842
55,3,0,7,9,983
67,1,2,4,9,295
50,3,2,1,9,656
29,1,1,2,2,987
14,1,4,5,5,626
30,0,1,4,2,972
79,1,0,6,1,695
54,3,4,1,8,648
38,4,5,2,1,944
56,5,3,7,3,992
54,3,3,2,8,686
99,0,4,2,6,462
5,4,5,7,7,865
76,4,5,5,10,242
82,4,1,4,8,510
53,2,3,1,1,941
47,4,5,5,8,422
42,4,4,1,8,503
29,1,5,5,9,361
81,5,4,7,10,264
82,1,4,3,7,419
45,0,5,7,10,434
40,4,5,1,2,942
98,5,4,5,5,505
2,2,2,3,2,332
63,5,1,2,6,758
38,5,5,1,4,296
78,2,4,5,6,260
41,5,3,4,4,318
51,4,3,3,9,498
76,2,2,2,4,392
58,1,2,3,10,779
77,3,3,7,6,735
31,2,3,7,9,692
49,3,1,2,3,985
30,4,1,7,3,750
40,2,1,3,6,900
67,2,4,3,7,365
7,5,0,4,8,436
62,4,2,1,4,317
33,2,0,2,7,777
91,1,3,4,1,457
13,3,3,5,7,729
37,3,3,7,8,365
40,0,1,2,3,394
72,3,1,1,8,444
60,3,3,7,10,645
51,5,1,6,8,879
62,4,4,6,6,891
61,0,0,5,5,541
81,1,1,4,9,679
56,5,4,7,9,350
41,5,4,6,4,311
95,5,2,4,10,322
99,2,3,7,7,403
59,0,1,4,2,855
8,1,0,4,1,375
79,5,3,6,10,908
10,5,4,3,7,733
43,3,3,4,8,942
94,5,0,7,7,518
53,5,5,4,1,739
27,4,1,3,3,484
3,3,5,6,6,337
6,2,3,6,6,850
88,0,3,7,4,455
86,3,4,3,4,595
16,3,4,5,3,849
5,0,4,1,4,569
42,5,5,2,2,872
0,3,2,5,7,575
61,3,4,2,10,306
88,2,4,5,6,422
20,1,2,2,6,573
81,2,1,1,9,355
40,4,3,2,10,867
62,1,0,3,5,635
91,4,3,4,9,232
72,0,0,5,4,500
3,0,3,1,7,698
56,2,1,1,1,371
29,0,4,1,7,707
71,4,2,6,7,303
26,5,5,7,10,544
26,4,1,3,3,889
82,3,1,4,3,846
24,3,4,4,4,369
22,2,2,4,6,703
8,1,2,7,4,892
61,3,4,5,3,580
35,0,1,1,10,504
53,0,5,6,5,737
72,1,5,3,7,270
23,2,4,6,9,355
27,2,4,5,2,398
71,5,5,2,10,530
6,4,2,4,5,430
64,3,0,2,6,289
92,2,4,7,7,260
27,5,0,7,2,818
90,5,0,6,10,856
77,2,2,7,10,563
56,1,0,3,7,559
20,5,3,3,4,509
75,2,2,3,1,204
47,4,2,2,10,455
1,3,0,6,2,328
95,2,4,6,10,366
59,4,2,6,4,926
61,0,5,4,3,951
31,2,2,7,2,441
43,4,1,4,7,545
2,1,3,4,2,227
97,2,4,7,5,502
4,4,4,1,2,271
65,3,4,1,7,980
9,0,5,1,2,591
8,5,2,5,6,596
75,1,0,2,8,901
52,3,2,2,9,675
75,3,2,4,9,1000
79,0,0,3,4,258
75,1,0,5,8,527
36,0,3,3,4,203
56,5,3,5,10,475
84,1,3,6,6,946
25,4,5,5,1,932
41,0,0,2,3,881
73,5,0,2,3,774
68,0,5,1,6,762
42,0,1,2,8,377
33,4,2,6,6,943
17,0,3,3,1,312
50,5,2,1,5,322
39,3,0,1,5,843
91,2,3,2,10,376
25,3,2,3,8,570
0,3,2,3,10,304
64,5,4,2,3,363
42,2,4,7,7,635
86,3,4,6,7,329
10,5,3,1,4,225
12,0,5,2,8,625
24,1,3,1,3,434
78,2,2,7,8,227
52,0,1,2,8,571
33,5,3,3,2,874
3,0,3,1,6,697
83,5,4,3,9,909
47,0,1,1,1,302
49,0,3,3,10,394
41,5,4,2,4,272
6,2,2,3,3,385
47,0,0,4,10,709
58,3,3,6,10,633
92,3,4,3,2,597
9,1,0,2,3,591
18,4,2,3,4,349
65,2,4,4,7,212
27,0,1,4,1,613
70,4,4,2,3,813
27,5,3,6,7,629
53,1,4,1,4,608
31,5,2,7,6,406
58,1,4,1,10,764
11,4,5,6,1,944
48,0,3,5,9,630
10,4,4,6,5,267
47,0,5,1,10,614
12,3,5,2,5,968
80,3,2,4,7,252
42,0,4,7,9,398
8,4,2,6,4,669
86,3,3,3,9,443
13,0,3,3,6,690
87,0,4,4,8,958
83,1,0,5,3,998
76,4,2,4,5,438
48,5,5,1,10,270
33,3,3,7,5,847
50,4,4,4,10,493
70,4,3,6,4,835
3,5,4,5,9,487
98,4,4,4,2,893
82,3,3,3,8,777
49,3,5,7,4,981
77,0,4,1,2,264
81,0,1,6,8,907
81,3,3,2,10,860
16,5,5,7,5,363
58,5,1,5,10,418
49,3,5,7,3,566
84,4,5,3,4,859
64,4,2,3,1,853
37,4,2,2,6,590
83,4,2,6,5,743
27,0,4,2,2,985
44,1,0,6,4,881
1,4,5,3,7,886
49,3,4,1,7,654
12,0,5,7,8,844
2,3,2,4,4,438
11,4,1,1,5,352
62,3,3,4,8,758
77,1,5,1,3,835
92,1,3,6,3,443
66,5,5,3,6,589
90,4,2,4,7,288
13,4,5,1,5,309
99,1,2,1,6,670
21,5,5,1,8,600
65,0,4,1,6,268
34,5,5,6,3,834
25,2,1,2,8,831
50,4,4,2,2,953
63,0,5,6,4,866
11,2,2,3,6,545
24,5,3,7,10,394
40,1,1,7,10,967
70,2,5,4,2,465
81,0,3,6,1,377
1,5,5,1,3,779
19,2,0,1,2,454
41,0,5,1,7,545
2,0,0,7,3,616
4,5,4,5,10,310
77,2,0,1,6,625
2,0,4,5,4,882
62,1,2,2,2,355
76,5,2,3,3,372
27,0,5,1,6,986
34,0,0,1,6,689
55,5,2,5,4,352
63,0,5,1,9,838
71,4,1,1,6,461
11,4,5,1,1,574
41,5,5,3,4,901
9,5,0,7,6,335
62,0,5,6,9,381
86,1,4,2,7,824
66,5,4,3,1,609
18,5,1,7,2,280
25,1,4,6,10,271
54,4,1,5,4,969
45,4,3,2,7,408
30,5,0,3,10,928
24,0,4,3,7,816
44,0,4,2,1,985
60,1,1,4,5,567
97,2,1,5,7,298
23,5,5,6,2,249
84,5,0,4,3,456
19,2,0,1,6,753
5,1,3,6,6,814
63,5,1,7,8,526
43,5,2,4,8,922
50,2,1,5,4,903
75,5,2,6,2,401
63,3,5,6,3,212
20,4,5,2,2,821
23,4,2,1,10,502
41,3,1,5,1,447
81,2,1,7,7,504
30,2,4,6,1,365
87,4,3,1,9,446
0,4,5,6,6,410
55,0,5,4,3,215
72,1,0,1,9,264
37,3,2,6,4,360
50,4,4,3,4,710
21,3,5,1,1,977
44,4,5,6,4,577
84,2,0,3,9,317
89,5,3,1,10,478
99,4,0,5,4,606
54,0,5,6,4,755
28,2,0,2,8,537
80,2,0,7,10,651
28,0,0,4,6,446
95,2,3,3,8,883
57,1,5,1,3,347
1,5,5,1,9,883
50,0,4,2,5,476
7,2,4,7,3,972
63,5,3,1,3,240
34,3,3,4,7,851
83,5,1,2,3,764
36,2,2,1,8,466
27,2,4,4,2,871
95,1,0,1,7,884
32,3,3,7,9,818
70,4,4,7,6,979
85,2,1,4,9,416
72,4,2,1,5,403
47,4,1,4,1,632
20,5,4,1,5,940
58,2,2,1,8,805
60,5,1,2,5,473
97,4,3,7,10,301
0,3,2,1,6,897
98,1,4,1,6,245
38,4,0,2,4,637
77,3,0,2,8,786
59,4,2,5,5,552
45,1,3,6,3,317
19,2,2,7,2,764
1,3,1,4,4,662
27,2,1,3,3,406
65,1,0,1,4,427
87,0,0,6,9,642
7,4,1,7,8,458
56,0,1,5,1,632
77,0,3,5,10,406
20,5,4,2,6,261
42,0,3,4,9,215
0,2,5,4,4,266
64,0,5,1,4,449
22,3,2,7,10,901
24,1,3,2,3,635
80,0,0,1,1,385
96,0,1,3,10,593
11,2,5,1,8,530
46,4,0,4,8,297
30,4,5,1,4,741
29,2,2,3,1,661
23,1,0,2,6,430
36,2,5,7,7,815
48,0,3,6,7,973
75,1,5,7,9,449
82,1,1,6,2,667
35,1,0,1,1,368
64,4,1,4,8,730
28,4,4,7,7,616
88,0,3,5,6,736
65,2,1,5,6,794
60,1,0,1,2,813
14,3,5,4,7,820
88,2,0,2,2,863
88,5,4,5,8,796
90,5,0,4,7,803
48,1,2,7,8,663
30,5,1,1,6,290
51,5,1,7,4,749
69,1,5,4,1,504
31,2,5,4,2,815
48,5,1,3,2,834
74,5,4,2,4,732
88,4,4,7,5,427
71,4,4,4,8,520
79,2,2,1,10,580
73,4,1,2,5,562
20,3,3,3,6,457
52,5,2,4,3,262
54,5,2,1,7,362
48,5,3,1,9,625
73,2,1,1,9,506
48,0,3,2,7,895
55,5,0,1,3,474
37,3,5,2,1,733
82,0,5,2,8,278
83,5,3,1,5,700
68,0,2,2,10,268
80,0,1,7,5,822
75,3,2,4,8,469
22,4,0,2,9,252
69,4,3,3,7,432
37,2,4,2,8,363
54,5,2,3,5,514
68,1,2,5,1,504
89,5,2,2,1,710
32,2,5,4,7,202
64,1,2,7,7,249
78,1,2,4,4,829
78,4,2,6,9,626
89,2,2,6,10,709
77,4,5,1,5,561
53,2,0,7,10,229
83,2,0,5,5,475
62,2,2,6,7,276
88,3,2,1,4,737
63,2,1,1,8,336
99,3,4,7,3,544
59,1,2,3,1,948
18,4,0,7,4,292
16,3,4,4,6,253
21,3,1,1,9,839
23,4,0,5,3,718
33,4,0,6,5,902
81,5,0,6,6,774
54,3,0,5,2,992
36,4,2,1,3,490
1,1,1,7,6,575
14,2,0,1,8,214
67,3,1,1,7,697
68,0,1,7,9,387
27,1,4,4,2,755
34,2,3,3,5,468
37,4,4,2,7,776
72,4,1,6,7,328
79,1,2,3,3,930
89,3,0,3,9,815
26,3,4,7,1,976
10,1,4,7,9,911
99,5,1,3,6,988
93,1,0,5,2,586
97,2,0,3,5,744
97,4,0,1,10,352
90,1,0,6,1,309
45,2,0,4,6,230
23,0,5,3,5,243
14,5,2,7,1,575
14,1,4,3,9,643
27,2,4,6,6,701
79,0,0,4,2,912
17,0,2,2,1,767
39,1,1,3,7,820
95,4,2,4,1,693
22,1,0,6,10,654
79,1,3,1,3,537
16,3,2,3,9,534
48,4,3,1,2,838
87,3,2,7,1,952
9,0,1,3,9,432
45,3,3,7,9,908
34,5,2,5,2,607
93,0,3,6,2,772
12,3,3,7,5,574
17,4,3,2,1,988
49,3,3,4,1,468
7,1,0,7,6,720
20,1,2,7,2,987
15,4,4,1,6,941
72,4,4,7,6,580
74,1,3,6,3,376
73,0,5,6,4,345
64,2,0,2,5,868
84,2,2,7,3,805
86,3,0,7,3,747
82,5,3,2,4,713
93,1,5,5,5,827
24,3,4,1,2,635
37,4,2,7,10,673
78,2,4,1,9,379
5,0,2,1,1,634
66,0,0,5,9,361
35,3,5,7,1,247
86,5,1,5,7,687
36,0,4,6,8,531
88,5,4,3,6,666
78,0,1,6,4,292
75,2,1,1,4,463
38,1,5,3,6,516
36,4,0,6,9,793
90,1,1,1,7,560
29,0,4,5,5,270
61,3,4,1,4,891
19,4,5,2,5,284
43,0,4,7,9,461
27,0,4,3,4,501
9,4,3,1,4,731
35,0,0,4,6,958
48,3,3,4,5,893
60,1,5,3,5,860
91,0,2,3,3,689
70,3,0,1,1,337
25,4,1,1,9,860
85,1,2,4,9,452
62,3,2,1,4,361
96,5,4,5,10,291
82,2,3,1,3,372
31,3,0,2,4,293
32,3,5,7,3,384
12,5,1,7,1,496
43,1,5,3,9,304
80,3,1,4,4,237
13,3,3,2,1,871
18,3,1,1,7,950
62,5,0,7,3,496
68,3,1,5,2,492
2,2,4,4,5,898
85,1,0,3,6,371
65,0,5,2,1,307
45,1,2,3,4,484
83,0,0,3,10,842
40,1,3,3,6,401
31,5,4,6,8,897
45,1,1,3,3,528
7,1,0,4,4,467
99,1,1,6,9,512
56,3,0,4,6,988
22,1,5,3,9,644
66,2,2,7,2,793
35,3,3,4,4,489
17,3,0,2,6,749
77,0,2,7,6,928
35,4,3,1,1,793
37,0,0,4,5,589
58,0,2,7,4,646
85,5,1,2,1,307
15,3,1,3,5,232
48,2,5,5,2,534
45,3,5,7,9,493
89,3,4,5,2,826
63,4,3,4,9,354
0,2,0,6,5,342
26,5,0,3,3,974
56,4,4,3,7,441
89,2,0,7,5,983
12,4,3,2,10,685
99,0,3,7,7,831
2,3,0,6,3,508
70,5,5,7,6,796
78,4,3,7,6,421
76,4,1,3,9,305
65,1,5,2,2,417
10,2,2,2,7,637
94,3,5,5,6,883
98,4,2,3,4,208
59,1,1,3,3,361
74,5,3,2,1,315
56,4,1,4,8,435
32,0,4,3,7,571
32,2,5,2,2,247
56,3,5,4,10,974
3,0,4,2,1,559
59,2,5,4,6,506
36,5,5,7,4,783
65,3,3,5,9,836
50,1,0,2,8,635
87,3,1,6,5,408
65,5,1,5,4,974
13,5,2,5,4,759
88,4,2,4,1,309
30,5,0,1,6,547
99,3,1,7,9,726
14,1,4,1,1,883
2,4,2,5,2,298
64,3,0,4,2,878
24,5,5,4,5,529
43,1,1,3,2,444
46,5,3,2,9,289
22,5,4,7,9,722
42,5,0,2,2,288
13,0,4,1,7,232
55,1,2,6,4,967
60,1,0,7,9,862
25,1,0,6,8,619
95,2,4,5,2,633
92,0,2,5,2,937
8,5,3,4,7,447
45,4,4,1,8,384
90,5,3,2,6,329
40,4,3,1,8,823
17,0,5,4,6,779
11,5,5,5,1,240
31,2,4,4,9,586
32,2,2,7,1,253
48,1,0,5,5,336
78,3,1,3,4,911
17,2,1,2,7,614
33,4,3,6,10,572
66,3,4,4,4,557
54,5,1,6,5,384
51,0,0,3,3,854
91,0,5,3,6,982
43,5,5,4,2,604
89,1,3,7,6,211
71,3,0,2,2,425
51,1,2,1,7,852
36,4,3,3,2,831
17,0,2,7,9,589
26,4,1,2,6,940
35,3,2,1,8,635
65,4,1,7,7,926
80,5,5,7,4,423
56,3,2,2,7,258
93,4,3,7,2,352
65,2,2,2,6,616
40,2,3,7,10,229
59,3,3,2,5,868
18,3,4,5,8,391
97,4,1,2,3,599
18,4,1,3,9,426
91,0,2,7,4,465
95,2,1,2,1,232
67,5,3,1,1,871
32,5,2,3,4,399
41,5,4,1,10,285
38,5,5,4,7,477
6,0,4,3,4,565
43,4,5,6,5,667
89,1,0,1,7,839
47,4,3,6,5,571
65,1,1,1,1,722
97,3,0,4,9,606
4,5,2,3,1,211
46,5,3,2,6,581
81,1,3,4,6,856
64,5,4,3,4,452
29,4,0,2,8,284
26,4,2,7,3,510
60,4,0,6,3,476
77,3,4,1,9,494
36,4,4,5,2,785
59,2,2,7,7,963
12,2,3,1,5,374
88,4,0,7,8,842
34,4,2,6,1,502
67,0,2,1,5,731
73,1,0,5,1,330
37,4,2,1,3,886
99,2,3,3,2,992
6,1,1,1,8,792
80,3,1,7,8,302
50,1,1,4,2,430
43,0,2,3,4,530
14,4,0,1,8,460
33,0,5,5,1,299
72,5,4,5,6,214
5,2,4,4,6,682
15,0,3,6,10,856
43,5,3,2,2,702
14,0,3,2,10,564
30,4,3,2,2,319
42,3,3,1,3,558
57,0,5,2,6,707
22,5,2,6,6,804
89,2,4,1,10,785
69,0,3,4,10,400
75,4,4,2,7,510
91,4,0,6,2,221
24,4,1,6,3,642
62,0,4,4,2,524
16,5,1,1,5,507
64,3,3,6,5,834
44,5,4,7,9,874
33,1,4,3,6,546
71,0,4,4,7,211
80,3,2,1,8,729
78,1,4,5,4,856
12,1,1,6,5,680
80,4,0,4,4,909
33,5,3,4,4,489
10,0,2,5,4,827
90,4,4,1,6,740
18,0,2,3,5,537
53,1,0,7,5,517
66,0,5,2,2,588
4,0,0,6,2,927
9,5,2,2,4,775
78,1,1,2,6,859
26,5,5,6,1,499
59,4,3,4,9,623
66,4,5,7,5,352
78,2,5,6,10,247
2,4,1,6,2,219
10,1,3,3,5,236
89,0,4,4,9,430
70,3,5,7,8,907
79,0,1,2,1,413
8,5,5,7,6,594
3,5,1,1,4,418
27,1,2,6,4,910
43,1,4,1,2,679
98,4,3,7,9,762
8,1,0,1,5,221
55,1,4,7,6,543
83,0,1,7,10,731
18,3,3,5,10,420
72,2,3,2,3,287
68,3,0,5,8,815
37,0,0,6,7,756
30,0,1,6,1,580
74,1,4,4,3,748
60,5,2,4,7,734
88,2,3,1,7,597
48,0,4,4,1,660
80,4,3,1,10,894
55,4,1,4,7,243
17,5,2,6,7,457
0,0,2,5,2,917
26,4,5,4,2,950
47,5,5,5,4,533
86,2,4,5,4,543
86,1,1,7,1,759
15,0,3,4,7,751
44,3,1,5,4,927
82,5,0,3,10,447
46,5,5,4,7,798
51,2,1,5,5,345
40,4,1,7,10,653
30,2,1,1,5,263
48,1,3,7,3,748
23,3,2,1,4,757
15,1,2,3,10,423
7,4,1,1,1,957
76,5,4,2,10,682
19,5,0,2,8,914
89,3,5,1,9,422
57,5,5,6,3,851
32,4,5,1,6,414
89,0,2,5,6,753
66,4,0,7,9,551
46,5,5,6,3,785
92,4,5,3,8,509
28,4,1,3,8,202
36,2,0,4,7,821
36,4,4,3,10,869
67,5,4,2,4,466
12,1,2,5,1,880
61,2,3,1,6,963
43,4,4,7,7,892
23,0,2,6,3,903
96,5,5,5,8,425
87,2,0,4,7,921
52,4,5,1,1,466
15,4,3,6,2,464
27,0,1,4,2,633
56,5,4,7,5,519
75,3,4,3,1,712
78,1,2,6,5,601
94,1,0,4,10,779
79,5,3,6,6,448
33,4,2,6,7,306
74,0,5,3,3,956
55,3,1,1,3,925
51,2,4,4,1,573
28,4,0,7,4,239
6,2,5,1,9,900
65,5,5,1,8,723
36,3,1,7,6,809
81,0,1,2,6,256
13,0,1,2,4,449
54,0,4,3,5,350
68,2,3,4,10,234
6,3,5,2,8,298
58,2,1,7,10,573
75,2,0,3,9,207
91,3,5,6,1,254
62,4,2,6,8,643
36,3,1,7,5,227
46,5,5,7,3,797
31,5,5,2,4,966
48,2,4,7,5,317
79,4,0,2,4,931
48,3,1,4,2,623
15,4,1,3,10,566
35,3,1,3,1,583
90,5,5,4,8,934
87,2,2,5,10,212
54,1,4,2,1,687
1,3,2,1,3,259
96,4,0,7,2,343
97,2,0,7,9,586
47,3,4,2,3,994
43,3,4,6,10,836
55,0,3,3,2,736
69,1,2,2,1,773
11,2,2,7,2,777
10,4,5,4,7,885
30,0,4,4,5,285
61,0,5,4,9,518
68,1,4,7,10,596
63,5,3,6,7,409
82,2,2,3,1,333
31,2,2,6,7,728
12,0,2,4,3,870
83,2,1,6,9,688
26,2,3,6,8,601
75,2,2,3,8,345
37,5,3,1,1,674
74,4,4,3,10,885
43,5,3,5,9,261
11,2,3,7,8,991
41,4,3,7,7,865
74,4,0,2,9,967
56,4,2,6,7,586
94,3,4,2,2,849
95,1,3,5,5,231
46,4,0,6,3,950
67,0,2,7,8,702
42,4,2,3,2,387
81,5,0,2,8,428
47,0,0,5,9,364
96,4,0,3,1,772
31,0,2,3,6,446
62,5,5,4,2,784
35,0,0,7,3,936
78,1,2,7,5,616
76,2,1,6,4,667
14,0,4,1,8,873
58,0,2,7,4,313
11,0,4,4,2,946
0,2,1,4,10,454
15,1,4,4,2,233
33,2,2,6,9,560
29,3,2,5,3,205
93,0,2,6,3,857
3,0,3,2,10,784
5,1,2,5,2,580
79,5,5,4,8,282
82,2,0,6,8,893
85,4,1,6,6,460
17,2,1,6,9,887
54,5,5,7,2,299
51,1,3,1,3,971
83,0,5,3,5,625
79,5,2,7,5,353
35,0,0,3,9,941
8,5,5,2,8,653
86,1,3,3,4,812
32,2,5,4,10,668
62,3,5,3,9,495
77,5,3,6,4,730
18,0,5,4,7,881
57,0,2,7,2,242
8,4,5,2,8,960
37,3,1,4,9,611
56,1,2,4,6,246
61,3,4,6,7,820
12,3,0,5,7,209
28,0,5,7,7,328
17,2,3,2,8,806
24,2,4,3,6,282
14,0,4,2,1,552
65,3,3,1,5,336
21,5,0,4,2,304
90,5,3,4,2,784
69,3,3,4,1,672
84,0,4,6,2,423
41,3,2,3,10,854
86,4,5,1,1,606
76,0,0,7,3,748
23,3,2,5,8,502
52,1,3,1,9,627
63,2,3,5,5,433
50,1,5,6,10,678
94,1,2,7,1,442
27,0,3,1,4,581
68,0,1,2,2,968
75,4,3,3,4,936
67,3,3,7,7,932
3,1,0,7,5,354
78,1,4,3,9,210
66,5,5,2,7,229
56,2,5,7,10,736
28,3,2,6,4,490
43,2,0,1,6,662
53,1,3,4,1,259
43,5,1,1,5,821
99,1,5,1,6,543
78,3,1,1,4,590
91,0,0,6,2,617
12,0,3,2,2,494
17,2,0,2,6,607
66,3,5,6,9,903
53,1,0,5,2,560
85,1,5,3,4,845
3,2,0,7,10,311
78,4,1,4,9,846
71,3,5,4,5,634
77,5,2,1,4,569
0,0,4,7,4,807
6,4,4,5,4,883
37,1,4,3,8,909
79,5,1,6,9,934
67,5,5,5,10,615
42,5,1,6,7,704
13,5,0,6,6,706
80,1,3,2,2,637
17,1,2,6,9,718
67,1,4,4,1,206
13,5,1,6,8,670
78,4,5,5,3,925
97,5,5,3,5,539
53,4,0,1,5,434
78,3,2,6,7,847
77,4,4,3,6,995
13,2,2,3,1,837
22,2,3,1,9,337
44,0,3,4,6,912
56,5,3,6,6,987
70,1,1,3,2,960
23,3,0,3,8,464
56,0,4,4,6,303
5,1,5,5,6,576
91,4,0,5,4,263
59,4,5,6,4,540
80,0,1,2,2,471
65,0,4,1,8,512
0,5,2,5,9,868
61,5,1,3,10,297
89,2,4,7,10,540
11,2,0,7,1,589
38,5,1,7,6,521
88,1,0,4,6,901
55,5,1,6,1,406
33,0,0,1,5,384
40,4,3,5,4,978
46,0,1,1,4,253
58,1,5,4,4,956
89,5,1,2,10,845
90,0,5,3,8,474
57,4,0,4,3,819
58,0,1,3,1,406
84,5,4,7,3,795
37,4,4,3,8,544
32,3,4,4,6,304
30,5,3,1,10,898
50,0,1,1,4,916
87,2,4,1,3,305
59,3,2,7,7,756
20,1,0,6,5,520
77,4,3,3,8,514
86,4,4,3,8,754
34,4,5,3,6,654
80,1,3,3,7,861
29,5,1,1,7,747
62,0,4,2,6,558
19,4,0,3,1,744
93,4,1,4,10,537
64,4,5,5,8,274
94,5,4,6,7,784
65,2,1,6,10,473
11,2,3,3,10,579
17,3,5,2,3,290
23,1,2,1,2,326
43,0,0,7,5,944
83,5,0,1,3,280
12,5,4,1,6,929
28,0,0,2,1,949
70,0,5,1,8,781
29,5,4,3,3,768
16,1,3,4,10,337
8,4,3,5,6,576
30,3,4,7,10,255
35,4,0,1,1,334
77,5,2,3,10,831
62,1,5,2,4,708
71,2,0,4,1,203
10,5,5,6,7,353
85,5,5,7,10,619
83,3,0,2,6,252
5,1,3,3,2,425
33,3,1,5,4,451
64,3,3,6,8,292
82,2,3,2,4,445
84,3,4,2,10,854
21,1,1,3,5,587
28,0,3,4,10,646
48,4,4,7,6,600
8,4,5,3,7,383
90,1,5,4,5,488
7,0,1,3,7,587
92,2,3,7,8,573
57,0,1,3,7,998
73,0,2,7,2,230
77,1,5,1,4,385
73,0,3,2,9,953
93,0,3,6,7,636
46,5,5,2,5,835
40,5,3,5,4,521
72,5,4,4,3,848
22,1,2,2,2,706
88,3,4,2,7,730
1,4,2,7,7,841
76,2,1,4,1,294
64,0,4,7,1,568
20,4,3,1,3,543
87,4,0,3,5,610
33,2,1,6,6,536
88,1,1,5,3,804
68,4,2,1,5,202
15,2,2,6,3,465
89,4,2,7,5,718
86,5,2,7,1,492
68,5,0,1,8,212
36,2,1,2,9,825
62,3,0,7,3,472
64,2,2,4,6,329
0,3,4,3,7,499
74,0,1,1,7,840
28,5,0,7,9,693
4,1,1,1,4,602
53,5,3,3,10,515
21,5,0,7,3,305
96,0,2,3,1,440
60,5,3,2,4,781
25,4,2,4,10,923
89,4,4,6,9,708
49,1,2,4,7,250
0,0,4,1,9,323
68,5,1,5,8,746
71,2,3,4,8,569
93,2,4,6,2,389
48,4,0,6,6,353
69,1,0,6,3,637
58,1,2,5,7,214
96,3,5,4,6,230
79,1,3,7,7,365
20,2,0,2,10,358
34,1,4,2,2,384
62,2,1,5,10,478
16,4,3,5,7,250
79,3,1,7,1,895
23,1,4,6,6,271
58,2,0,7,2,903
80,2,0,7,6,393
58,1,0,7,8,567
43,1,2,7,7,364
62,3,2,2,3,223
2,2,3,5,1,607
39,5,2,1,8,914
77,2,2,3,1,536
40,0,4,6,7,260
14,5,5,2,5,412
30,0,3,4,5,998
63,0,5,2,2,911
95,4,5,2,2,669
21,5,1,3,9,895
69,4,5,3,1,840
55,5,1,3,10,465
48,2,3,7,4,468
39,0,3,1,8,761
42,4,4,2,3,391
76,4,1,5,6,446
37,0,4,3,1,932
54,0,5,2,6,247
97,5,5,2,10,530
3,2,1,2,10,817
66,0,5,3,3,355
93,5,5,2,4,948
99,5,4,3,10,878
98,4,5,7,4,290
2,2,5,7,10,266
13,2,5,1,5,504
90,4,4,1,6,541
60,5,5,1,5,838
76,3,2,5,3,593
72,0,4,1,10,894
14,4,2,4,3,886
37,4,5,3,9,660
3,2,5,6,3,286
72,4,3,6,3,832
16,1,0,5,3,883
94,3,0,1,5,469
42,4,0,6,3,279
10,1,4,4,5,575
14,0,2,7,5,476
33,1,1,7,8,939
98,5,5,5,8,734
95,1,4,3,8,822
96,0,2,5,10,679
13,4,5,6,8,366
89,4,0,2,4,898
31,1,1,1,2,871
65,2,4,4,8,642
51,4,1,5,5,694
8,0,1,7,7,878
48,1,1,6,2,311
38,1,5,4,6,717
66,5,0,5,8,439
57,1,3,3,4,597
35,3,5,5,5,908
63,5,1,7,2,992
4,5,1,1,8,774
75,3,1,7,5,693
64,1,4,2,4,814
43,0,0,7,3,783
99,5,0,4,7,603
86,5,5,5,8,575
38,0,5,2,9,740
87,1,0,5,2,428
31,0,4,2,6,755
1,3,4,2,8,232
18,3,4,6,4,260
10,5,0,5,10,312
32,1,0,6,2,335
47,2,4,3,8,251
59,2,2,2,7,661
67,1,4,7,6,530
83,2,4,7,4,537
75,2,2,2,8,397
1,3,5,7,4,622
37,2,3,3,3,293
65,5,2,4,10,345
32,1,0,6,10,370
65,2,2,5,5,205
81,3,2,2,5,733
78,3,4,4,10,625
20,1,2,6,10,832
76,1,4,7,5,708
51,1,3,3,7,614
10,3,5,4,2,997
44,0,5,4,1,408
53,1,3,1,9,619
13,5,1,4,10,612
97,4,2,3,5,549
50,2,5,1,3,910
27,2,2,2,6,277
94,2,5,7,7,792
13,5,3,7,7,952
18,3,5,3,7,296
6,1,3,3,4,773
91,0,2,4,10,881
57,5,1,7,1,414
5,2,1,7,1,324
81,4,5,7,10,781
12,3,2,6,2,780
75,2,2,7,4,713
19,3,5,6,3,317
53,4,1,5,6,750
54,1,2,2,10,627
38,0,4,4,3,940
28,4,2,4,7,962
90,3,5,5,2,745
5,3,0,3,4,974
17,5,0,6,3,243
44,5,3,5,4,758
17,2,4,3,2,651
85,2,4,6,3,651
6,2,5,5,7,255
68,4,5,7,9,909
51,2,3,1,9,289
58,5,3,5,6,801
74,5,0,5,5,977
30,0,3,3,4,751
55,1,4,5,1,608
96,0,0,3,7,377
56,5,5,5,1,463
52,4,3,5,1,653
38,0,5,7,4,736
30,0,2,6,6,337
3,4,2,2,3,391
87,2,4,7,6,631
88,1,1,6,4,365
42,2,0,3,1,809
33,0,1,6,2,275
73,5,0,7,3,622
83,1,1,4,2,326
18,3,2,2,7,791
75,1,2,5,3,630
23,1,5,7,7,483
42,2,0,7,8,343
7,5,5,6,2,855
85,4,1,3,2,968
8,4,3,2,5,854
65,3,4,5,7,493
77,2,4,5,8,326
73,0,1,6,4,210
80,3,1,1,7,859
39,5,4,4,6,897
90,1,4,5,4,671
6,3,4,4,1,366
67,2,0,4,8,386
85,0,3,1,10,691
54,0,1,1,1,785
3,1,0,2,4,440
44,2,5,4,9,823
97,0,0,3,2,730
1,5,0,1,1,551
12,1,5,6,1,898
18,5,4,1,10,869
68,1,1,3,2,913
63,3,5,5,4,769
9,3,3,1,2,387
88,4,3,2,5,529
71,2,2,6,1,722
9,0,2,1,7,653
75,1,2,3,6,964
49,5,2,6,7,392
72,5,2,5,5,783
82,4,5,5,6,257
71,1,4,2,10,454
79,2,5,5,4,622
31,0,3,2,10,744
26,4,4,2,3,772
15,2,5,2,7,509
97,5,2,5,9,285
37,0,1,5,10,542
81,1,5,1,3,397
72,4,2,1,2,988
74,0,4,7,3,593
39,1,4,2,9,464
71,2,1,5,6,622
22,1,4,4,9,710
56,3,5,5,9,762
95,1,0,4,1,549
0,1,2,2,1,291
46,0,3,3,3,223
73,1,1,3,1,401
66,5,3,7,6,306
48,0,4,2,8,533
41,0,0,3,3,710
71,5,4,2,9,488
81,0,4,1,1,930
50,3,2,4,6,354
34,0,5,5,1,803
18,3,2,6,9,487
86,4,0,6,2,971
63,1,0,5,2,454
52,5,4,3,8,770
29,5,4,7,4,646
67,3,5,2,4,824
32,0,5,4,1,992
75,1,3,2,6,931
24,4,3,6,10,542
20,5,3,3,5,906
81,4,2,6,2,780
2,4,5,7,4,595
63,1,4,1,10,810
24,5,4,2,4,937
53,1,3,2,7,624
83,4,1,3,3,462
85,5,0,1,3,596
20,3,5,5,2,696
6,1,0,1,1,958
60,3,1,6,9,296
77,5,3,3,8,673
64,4,5,7,7,850
11,2,4,3,5,576
13,0,2,4,8,463
67,1,3,7,3,983
50,4,4,5,5,463
77,5,4,2,5,434
21,3,3,4,10,805
73,2,2,3,2,713
41,1,5,7,9,412
49,3,3,7,3,882
97,4,1,3,10,280
80,0,0,2,10,278
45,1,2,4,5,774
65,2,2,6,8,566
87,1,3,4,2,513
25,4,3,4,3,388
73,5,1,6,2,960
81,4,3,2,6,546
24,0,5,1,3,873
17,4,5,2,1,664
56,0,0,4,9,319
60,1,5,6,8,986
0,1,4,1,7,712
32,0,0,4,1,376
80,4,0,5,5,873
99,1,1,5,7,714
26,1,5,6,7,685
10,4,3,7,9,223
9,5,0,2,9,477
40,2,1,4,8,924
74,0,1,1,7,593
5,0,2,1,9,736
17,1,4,7,1,301
73,2,5,6,6,973
20,4,4,5,7,428
20,4,1,3,8,335
73,2,3,1,6,647
45,5,2,5,7,871
59,1,3,7,8,855
82,5,5,5,2,671
34,4,2,6,10,688
37,4,4,6,10,729
94,2,5,7,7,519
40,5,2,5,8,630
58,5,0,6,6,909
35,3,1,7,3,925
27,0,2,6,1,294
53,3,4,6,5,888
39,0,4,4,1,346
24,2,4,5,6,261
8,5,5,1,4,331
21,5,3,3,3,591
77,0,3,4,10,853
36,0,4,2,4,220
41,3,3,3,10,275
65,1,4,4,5,662
39,5,5,2,10,893
23,5,5,6,7,232
40,0,1,5,7,748
17,0,5,5,1,344
61,1,1,2,10,816
91,3,1,1,6,622
69,3,2,5,2,857
54,3,3,6,5,314
72,2,5,2,1,398
99,3,3,2,8,988
86,0,0,5,1,786
96,0,0,4,4,912
49,1,1,2,10,412
6,2,0,6,7,626
41,4,1,2,6,936
8,1,3,7,8,341
64,3,1,7,7,310
57,4,4,2,2,676
33,5,1,2,9,640
22,2,2,3,8,725
20,1,2,1,10,803
84,3,2,4,8,330
71,3,5,5,1,416
84,5,2,2,9,411
96,1,5,7,3,285
64,2,3,2,1,500
6,1,4,1,7,390
36,1,5,1,8,986
48,4,4,2,1,924
67,2,2,6,6,393
7,1,3,2,1,579
1,0,2,7,8,555
16,1,1,2,8,412
88,4,2,5,2,976
15,4,5,5,8,936
53,5,2,1,1,554
61,4,2,5,4,673
87,5,4,2,6,295
7,3,5,6,8,279
0,0,3,4,3,929
58,5,5,4,9,208
89,1,2,3,5,787
77,3,0,5,6,483
6,0,1,4,2,807
41,5,2,3,1,530
13,3,0,3,10,371
92,0,3,5,5,347
4,3,0,7,1,930
34,4,3,7,10,983
18,0,0,1,6,564
69,5,2,6,6,318
5,4,3,4,6,564
87,4,1,4,7,500
18,0,0,7,5,606
21,4,0,2,6,689
83,4,1,7,7,657
63,0,3,2,2,849
9,5,3,2,6,246
61,5,3,2,7,585
22,4,0,1,4,877
89,4,2,7,1,278
46,1,2,7,8,952
70,1,1,1,9,830
86,4,4,3,10,808
80,1,3,1,2,202
97,3,4,3,8,866
54,1,3,6,1,875
